"","Replicate","Population","Cage_Number","Diet","Treatment","Day","Sex","Death","Initial Density"
"1",1,"H3","1α","Cornmeal","Control",1,"M",1,310
"2",1,"H3","1α","Cornmeal","Control",2,"M",0,310
"3",1,"H3","1α","Cornmeal","Control",3,"M",3,310
"4",1,"H3","1α","Cornmeal","Control",4,"M",0,310
"5",1,"H3","1α","Cornmeal","Control",5,"M",1,310
"6",1,"H3","1α","Cornmeal","Control",6,"M",0,310
"7",1,"H3","1α","Cornmeal","Control",7,"M",0,310
"8",1,"H3","1α","Cornmeal","Control",8,"M",1,310
"9",1,"H3","1α","Cornmeal","Control",9,"M",2,310
"10",1,"H3","1α","Cornmeal","Control",10,"M",0,310
"11",1,"H3","1α","Cornmeal","Control",11,"M",0,310
"12",1,"H3","1α","Cornmeal","Control",12,"M",1,310
"13",1,"H3","1α","Cornmeal","Control",1,"F",0,310
"14",1,"H3","1α","Cornmeal","Control",2,"F",1,310
"15",1,"H3","1α","Cornmeal","Control",3,"F",3,310
"16",1,"H3","1α","Cornmeal","Control",4,"F",2,310
"17",1,"H3","1α","Cornmeal","Control",5,"F",0,310
"18",1,"H3","1α","Cornmeal","Control",6,"F",0,310
"19",1,"H3","1α","Cornmeal","Control",7,"F",1,310
"20",1,"H3","1α","Cornmeal","Control",8,"F",0,310
"21",1,"H3","1α","Cornmeal","Control",9,"F",0,310
"22",1,"H3","1α","Cornmeal","Control",10,"F",0,310
"23",1,"H3","1α","Cornmeal","Control",11,"F",1,310
"24",1,"H3","1α","Cornmeal","Control",12,"F",0,310
"25",1,"H3","1β","Cornmeal","Control",1,"M",0,349
"26",1,"H3","1β","Cornmeal","Control",2,"M",0,349
"27",1,"H3","1β","Cornmeal","Control",3,"M",2,349
"28",1,"H3","1β","Cornmeal","Control",4,"M",2,349
"29",1,"H3","1β","Cornmeal","Control",5,"M",0,349
"30",1,"H3","1β","Cornmeal","Control",6,"M",0,349
"31",1,"H3","1β","Cornmeal","Control",7,"M",0,349
"32",1,"H3","1β","Cornmeal","Control",8,"M",1,349
"33",1,"H3","1β","Cornmeal","Control",9,"M",0,349
"34",1,"H3","1β","Cornmeal","Control",10,"M",0,349
"35",1,"H3","1β","Cornmeal","Control",11,"M",0,349
"36",1,"H3","1β","Cornmeal","Control",12,"M",1,349
"37",1,"H3","1β","Cornmeal","Control",1,"F",0,349
"38",1,"H3","1β","Cornmeal","Control",2,"F",2,349
"39",1,"H3","1β","Cornmeal","Control",3,"F",0,349
"40",1,"H3","1β","Cornmeal","Control",4,"F",0,349
"41",1,"H3","1β","Cornmeal","Control",5,"F",0,349
"42",1,"H3","1β","Cornmeal","Control",6,"F",0,349
"43",1,"H3","1β","Cornmeal","Control",7,"F",1,349
"44",1,"H3","1β","Cornmeal","Control",8,"F",0,349
"45",1,"H3","1β","Cornmeal","Control",9,"F",2,349
"46",1,"H3","1β","Cornmeal","Control",10,"F",0,349
"47",1,"H3","1β","Cornmeal","Control",11,"F",1,349
"48",1,"H3","1β","Cornmeal","Control",12,"F",0,349
"49",1,"H3","2α","C+0.5Y","Control",1,"M",1,269
"50",1,"H3","2α","C+0.5Y","Control",2,"M",0,269
"51",1,"H3","2α","C+0.5Y","Control",3,"M",1,269
"52",1,"H3","2α","C+0.5Y","Control",4,"M",0,269
"53",1,"H3","2α","C+0.5Y","Control",5,"M",1,269
"54",1,"H3","2α","C+0.5Y","Control",6,"M",1,269
"55",1,"H3","2α","C+0.5Y","Control",7,"M",0,269
"56",1,"H3","2α","C+0.5Y","Control",8,"M",1,269
"57",1,"H3","2α","C+0.5Y","Control",9,"M",0,269
"58",1,"H3","2α","C+0.5Y","Control",10,"M",0,269
"59",1,"H3","2α","C+0.5Y","Control",11,"M",1,269
"60",1,"H3","2α","C+0.5Y","Control",12,"M",0,269
"61",1,"H3","2α","C+0.5Y","Control",1,"F",0,269
"62",1,"H3","2α","C+0.5Y","Control",2,"F",0,269
"63",1,"H3","2α","C+0.5Y","Control",3,"F",1,269
"64",1,"H3","2α","C+0.5Y","Control",4,"F",1,269
"65",1,"H3","2α","C+0.5Y","Control",5,"F",0,269
"66",1,"H3","2α","C+0.5Y","Control",6,"F",0,269
"67",1,"H3","2α","C+0.5Y","Control",7,"F",0,269
"68",1,"H3","2α","C+0.5Y","Control",8,"F",0,269
"69",1,"H3","2α","C+0.5Y","Control",9,"F",0,269
"70",1,"H3","2α","C+0.5Y","Control",10,"F",1,269
"71",1,"H3","2α","C+0.5Y","Control",11,"F",0,269
"72",1,"H3","2α","C+0.5Y","Control",12,"F",0,269
"73",1,"H3","2β","C+0.5Y","Control",1,"M",0,296
"74",1,"H3","2β","C+0.5Y","Control",2,"M",0,296
"75",1,"H3","2β","C+0.5Y","Control",3,"M",1,296
"76",1,"H3","2β","C+0.5Y","Control",4,"M",0,296
"77",1,"H3","2β","C+0.5Y","Control",5,"M",0,296
"78",1,"H3","2β","C+0.5Y","Control",6,"M",2,296
"79",1,"H3","2β","C+0.5Y","Control",7,"M",1,296
"80",1,"H3","2β","C+0.5Y","Control",8,"M",2,296
"81",1,"H3","2β","C+0.5Y","Control",9,"M",1,296
"82",1,"H3","2β","C+0.5Y","Control",10,"M",4,296
"83",1,"H3","2β","C+0.5Y","Control",11,"M",1,296
"84",1,"H3","2β","C+0.5Y","Control",12,"M",0,296
"85",1,"H3","2β","C+0.5Y","Control",1,"F",1,296
"86",1,"H3","2β","C+0.5Y","Control",2,"F",1,296
"87",1,"H3","2β","C+0.5Y","Control",3,"F",1,296
"88",1,"H3","2β","C+0.5Y","Control",4,"F",0,296
"89",1,"H3","2β","C+0.5Y","Control",5,"F",1,296
"90",1,"H3","2β","C+0.5Y","Control",6,"F",2,296
"91",1,"H3","2β","C+0.5Y","Control",7,"F",1,296
"92",1,"H3","2β","C+0.5Y","Control",8,"F",0,296
"93",1,"H3","2β","C+0.5Y","Control",9,"F",1,296
"94",1,"H3","2β","C+0.5Y","Control",10,"F",0,296
"95",1,"H3","2β","C+0.5Y","Control",11,"F",1,296
"96",1,"H3","2β","C+0.5Y","Control",12,"F",1,296
"97",1,"H3","3α","C+1.0Y","Control",1,"M",2,314
"98",1,"H3","3α","C+1.0Y","Control",2,"M",1,314
"99",1,"H3","3α","C+1.0Y","Control",3,"M",3,314
"100",1,"H3","3α","C+1.0Y","Control",4,"M",0,314
"101",1,"H3","3α","C+1.0Y","Control",5,"M",2,314
"102",1,"H3","3α","C+1.0Y","Control",6,"M",0,314
"103",1,"H3","3α","C+1.0Y","Control",7,"M",0,314
"104",1,"H3","3α","C+1.0Y","Control",8,"M",0,314
"105",1,"H3","3α","C+1.0Y","Control",9,"M",2,314
"106",1,"H3","3α","C+1.0Y","Control",10,"M",0,314
"107",1,"H3","3α","C+1.0Y","Control",11,"M",0,314
"108",1,"H3","3α","C+1.0Y","Control",12,"M",2,314
"109",1,"H3","3α","C+1.0Y","Control",1,"F",1,314
"110",1,"H3","3α","C+1.0Y","Control",2,"F",0,314
"111",1,"H3","3α","C+1.0Y","Control",3,"F",2,314
"112",1,"H3","3α","C+1.0Y","Control",4,"F",0,314
"113",1,"H3","3α","C+1.0Y","Control",5,"F",0,314
"114",1,"H3","3α","C+1.0Y","Control",6,"F",0,314
"115",1,"H3","3α","C+1.0Y","Control",7,"F",0,314
"116",1,"H3","3α","C+1.0Y","Control",8,"F",0,314
"117",1,"H3","3α","C+1.0Y","Control",9,"F",0,314
"118",1,"H3","3α","C+1.0Y","Control",10,"F",0,314
"119",1,"H3","3α","C+1.0Y","Control",11,"F",0,314
"120",1,"H3","3α","C+1.0Y","Control",12,"F",0,314
"121",1,"H3","3β","C+1.0Y","Control",1,"M",0,295
"122",1,"H3","3β","C+1.0Y","Control",2,"M",0,295
"123",1,"H3","3β","C+1.0Y","Control",3,"M",0,295
"124",1,"H3","3β","C+1.0Y","Control",4,"M",1,295
"125",1,"H3","3β","C+1.0Y","Control",5,"M",0,295
"126",1,"H3","3β","C+1.0Y","Control",6,"M",3,295
"127",1,"H3","3β","C+1.0Y","Control",7,"M",1,295
"128",1,"H3","3β","C+1.0Y","Control",8,"M",0,295
"129",1,"H3","3β","C+1.0Y","Control",9,"M",0,295
"130",1,"H3","3β","C+1.0Y","Control",10,"M",0,295
"131",1,"H3","3β","C+1.0Y","Control",11,"M",0,295
"132",1,"H3","3β","C+1.0Y","Control",12,"M",1,295
"133",1,"H3","3β","C+1.0Y","Control",1,"F",1,295
"134",1,"H3","3β","C+1.0Y","Control",2,"F",1,295
"135",1,"H3","3β","C+1.0Y","Control",3,"F",2,295
"136",1,"H3","3β","C+1.0Y","Control",4,"F",0,295
"137",1,"H3","3β","C+1.0Y","Control",5,"F",0,295
"138",1,"H3","3β","C+1.0Y","Control",6,"F",0,295
"139",1,"H3","3β","C+1.0Y","Control",7,"F",0,295
"140",1,"H3","3β","C+1.0Y","Control",8,"F",2,295
"141",1,"H3","3β","C+1.0Y","Control",9,"F",0,295
"142",1,"H3","3β","C+1.0Y","Control",10,"F",0,295
"143",1,"H3","3β","C+1.0Y","Control",11,"F",0,295
"144",1,"H3","3β","C+1.0Y","Control",12,"F",0,295
"145",1,"H3","4α","C+1.5Y","Control",1,"M",0,332
"146",1,"H3","4α","C+1.5Y","Control",2,"M",0,332
"147",1,"H3","4α","C+1.5Y","Control",3,"M",1,332
"148",1,"H3","4α","C+1.5Y","Control",4,"M",0,332
"149",1,"H3","4α","C+1.5Y","Control",5,"M",2,332
"150",1,"H3","4α","C+1.5Y","Control",6,"M",1,332
"151",1,"H3","4α","C+1.5Y","Control",7,"M",1,332
"152",1,"H3","4α","C+1.5Y","Control",8,"M",0,332
"153",1,"H3","4α","C+1.5Y","Control",9,"M",2,332
"154",1,"H3","4α","C+1.5Y","Control",10,"M",1,332
"155",1,"H3","4α","C+1.5Y","Control",11,"M",1,332
"156",1,"H3","4α","C+1.5Y","Control",12,"M",0,332
"157",1,"H3","4α","C+1.5Y","Control",1,"F",1,332
"158",1,"H3","4α","C+1.5Y","Control",2,"F",0,332
"159",1,"H3","4α","C+1.5Y","Control",3,"F",1,332
"160",1,"H3","4α","C+1.5Y","Control",4,"F",0,332
"161",1,"H3","4α","C+1.5Y","Control",5,"F",0,332
"162",1,"H3","4α","C+1.5Y","Control",6,"F",2,332
"163",1,"H3","4α","C+1.5Y","Control",7,"F",0,332
"164",1,"H3","4α","C+1.5Y","Control",8,"F",1,332
"165",1,"H3","4α","C+1.5Y","Control",9,"F",0,332
"166",1,"H3","4α","C+1.5Y","Control",10,"F",1,332
"167",1,"H3","4α","C+1.5Y","Control",11,"F",0,332
"168",1,"H3","4α","C+1.5Y","Control",12,"F",0,332
"169",1,"H3","4β","C+1.5Y","Control",1,"M",0,309
"170",1,"H3","4β","C+1.5Y","Control",2,"M",0,309
"171",1,"H3","4β","C+1.5Y","Control",3,"M",0,309
"172",1,"H3","4β","C+1.5Y","Control",4,"M",0,309
"173",1,"H3","4β","C+1.5Y","Control",5,"M",0,309
"174",1,"H3","4β","C+1.5Y","Control",6,"M",1,309
"175",1,"H3","4β","C+1.5Y","Control",7,"M",0,309
"176",1,"H3","4β","C+1.5Y","Control",8,"M",0,309
"177",1,"H3","4β","C+1.5Y","Control",9,"M",1,309
"178",1,"H3","4β","C+1.5Y","Control",10,"M",0,309
"179",1,"H3","4β","C+1.5Y","Control",11,"M",0,309
"180",1,"H3","4β","C+1.5Y","Control",12,"M",2,309
"181",1,"H3","4β","C+1.5Y","Control",1,"F",2,309
"182",1,"H3","4β","C+1.5Y","Control",2,"F",0,309
"183",1,"H3","4β","C+1.5Y","Control",3,"F",2,309
"184",1,"H3","4β","C+1.5Y","Control",4,"F",0,309
"185",1,"H3","4β","C+1.5Y","Control",5,"F",0,309
"186",1,"H3","4β","C+1.5Y","Control",6,"F",1,309
"187",1,"H3","4β","C+1.5Y","Control",7,"F",2,309
"188",1,"H3","4β","C+1.5Y","Control",8,"F",1,309
"189",1,"H3","4β","C+1.5Y","Control",9,"F",1,309
"190",1,"H3","4β","C+1.5Y","Control",10,"F",1,309
"191",1,"H3","4β","C+1.5Y","Control",11,"F",1,309
"192",1,"H3","4β","C+1.5Y","Control",12,"F",0,309
"193",1,"H3","6α","Cornmeal","Fungal",1,"M",1,290
"194",1,"H3","6α","Cornmeal","Fungal",2,"M",1,290
"195",1,"H3","6α","Cornmeal","Fungal",3,"M",0,290
"196",1,"H3","6α","Cornmeal","Fungal",4,"M",1,290
"197",1,"H3","6α","Cornmeal","Fungal",5,"M",5,290
"198",1,"H3","6α","Cornmeal","Fungal",6,"M",4,290
"199",1,"H3","6α","Cornmeal","Fungal",7,"M",3,290
"200",1,"H3","6α","Cornmeal","Fungal",8,"M",19,290
"201",1,"H3","6α","Cornmeal","Fungal",9,"M",14,290
"202",1,"H3","6α","Cornmeal","Fungal",10,"M",27,290
"203",1,"H3","6α","Cornmeal","Fungal",11,"M",23,290
"204",1,"H3","6α","Cornmeal","Fungal",12,"M",16,290
"205",1,"H3","6α","Cornmeal","Fungal",1,"F",2,290
"206",1,"H3","6α","Cornmeal","Fungal",2,"F",0,290
"207",1,"H3","6α","Cornmeal","Fungal",3,"F",1,290
"208",1,"H3","6α","Cornmeal","Fungal",4,"F",5,290
"209",1,"H3","6α","Cornmeal","Fungal",5,"F",7,290
"210",1,"H3","6α","Cornmeal","Fungal",6,"F",21,290
"211",1,"H3","6α","Cornmeal","Fungal",7,"F",45,290
"212",1,"H3","6α","Cornmeal","Fungal",8,"F",19,290
"213",1,"H3","6α","Cornmeal","Fungal",9,"F",6,290
"214",1,"H3","6α","Cornmeal","Fungal",10,"F",14,290
"215",1,"H3","6α","Cornmeal","Fungal",11,"F",9,290
"216",1,"H3","6α","Cornmeal","Fungal",12,"F",8,290
"217",1,"H3","6β","Cornmeal","Fungal",1,"M",0,270
"218",1,"H3","6β","Cornmeal","Fungal",2,"M",0,270
"219",1,"H3","6β","Cornmeal","Fungal",3,"M",2,270
"220",1,"H3","6β","Cornmeal","Fungal",4,"M",1,270
"221",1,"H3","6β","Cornmeal","Fungal",5,"M",3,270
"222",1,"H3","6β","Cornmeal","Fungal",6,"M",1,270
"223",1,"H3","6β","Cornmeal","Fungal",7,"M",11,270
"224",1,"H3","6β","Cornmeal","Fungal",8,"M",6,270
"225",1,"H3","6β","Cornmeal","Fungal",9,"M",20,270
"226",1,"H3","6β","Cornmeal","Fungal",10,"M",14,270
"227",1,"H3","6β","Cornmeal","Fungal",11,"M",27,270
"228",1,"H3","6β","Cornmeal","Fungal",12,"M",14,270
"229",1,"H3","6β","Cornmeal","Fungal",1,"F",3,270
"230",1,"H3","6β","Cornmeal","Fungal",2,"F",2,270
"231",1,"H3","6β","Cornmeal","Fungal",3,"F",0,270
"232",1,"H3","6β","Cornmeal","Fungal",4,"F",1,270
"233",1,"H3","6β","Cornmeal","Fungal",5,"F",6,270
"234",1,"H3","6β","Cornmeal","Fungal",6,"F",17,270
"235",1,"H3","6β","Cornmeal","Fungal",7,"F",30,270
"236",1,"H3","6β","Cornmeal","Fungal",8,"F",26,270
"237",1,"H3","6β","Cornmeal","Fungal",9,"F",7,270
"238",1,"H3","6β","Cornmeal","Fungal",10,"F",8,270
"239",1,"H3","6β","Cornmeal","Fungal",11,"F",12,270
"240",1,"H3","6β","Cornmeal","Fungal",12,"F",9,270
"241",1,"H3","7α","C+0.5Y","Fungal",1,"M",2,307
"242",1,"H3","7α","C+0.5Y","Fungal",2,"M",0,307
"243",1,"H3","7α","C+0.5Y","Fungal",3,"M",0,307
"244",1,"H3","7α","C+0.5Y","Fungal",4,"M",1,307
"245",1,"H3","7α","C+0.5Y","Fungal",5,"M",5,307
"246",1,"H3","7α","C+0.5Y","Fungal",6,"M",0,307
"247",1,"H3","7α","C+0.5Y","Fungal",7,"M",4,307
"248",1,"H3","7α","C+0.5Y","Fungal",8,"M",5,307
"249",1,"H3","7α","C+0.5Y","Fungal",9,"M",6,307
"250",1,"H3","7α","C+0.5Y","Fungal",10,"M",11,307
"251",1,"H3","7α","C+0.5Y","Fungal",11,"M",8,307
"252",1,"H3","7α","C+0.5Y","Fungal",12,"M",16,307
"253",1,"H3","7α","C+0.5Y","Fungal",1,"F",1,307
"254",1,"H3","7α","C+0.5Y","Fungal",2,"F",2,307
"255",1,"H3","7α","C+0.5Y","Fungal",3,"F",0,307
"256",1,"H3","7α","C+0.5Y","Fungal",4,"F",0,307
"257",1,"H3","7α","C+0.5Y","Fungal",5,"F",5,307
"258",1,"H3","7α","C+0.5Y","Fungal",6,"F",7,307
"259",1,"H3","7α","C+0.5Y","Fungal",7,"F",10,307
"260",1,"H3","7α","C+0.5Y","Fungal",8,"F",19,307
"261",1,"H3","7α","C+0.5Y","Fungal",9,"F",8,307
"262",1,"H3","7α","C+0.5Y","Fungal",10,"F",12,307
"263",1,"H3","7α","C+0.5Y","Fungal",11,"F",15,307
"264",1,"H3","7α","C+0.5Y","Fungal",12,"F",10,307
"265",1,"H3","7β","C+0.5Y","Fungal",1,"M",1,280
"266",1,"H3","7β","C+0.5Y","Fungal",2,"M",2,280
"267",1,"H3","7β","C+0.5Y","Fungal",3,"M",0,280
"268",1,"H3","7β","C+0.5Y","Fungal",4,"M",0,280
"269",1,"H3","7β","C+0.5Y","Fungal",5,"M",4,280
"270",1,"H3","7β","C+0.5Y","Fungal",6,"M",2,280
"271",1,"H3","7β","C+0.5Y","Fungal",7,"M",2,280
"272",1,"H3","7β","C+0.5Y","Fungal",8,"M",1,280
"273",1,"H3","7β","C+0.5Y","Fungal",9,"M",16,280
"274",1,"H3","7β","C+0.5Y","Fungal",10,"M",12,280
"275",1,"H3","7β","C+0.5Y","Fungal",11,"M",11,280
"276",1,"H3","7β","C+0.5Y","Fungal",12,"M",18,280
"277",1,"H3","7β","C+0.5Y","Fungal",1,"F",1,280
"278",1,"H3","7β","C+0.5Y","Fungal",2,"F",0,280
"279",1,"H3","7β","C+0.5Y","Fungal",3,"F",0,280
"280",1,"H3","7β","C+0.5Y","Fungal",4,"F",3,280
"281",1,"H3","7β","C+0.5Y","Fungal",5,"F",5,280
"282",1,"H3","7β","C+0.5Y","Fungal",6,"F",6,280
"283",1,"H3","7β","C+0.5Y","Fungal",7,"F",26,280
"284",1,"H3","7β","C+0.5Y","Fungal",8,"F",16,280
"285",1,"H3","7β","C+0.5Y","Fungal",9,"F",25,280
"286",1,"H3","7β","C+0.5Y","Fungal",10,"F",9,280
"287",1,"H3","7β","C+0.5Y","Fungal",11,"F",8,280
"288",1,"H3","7β","C+0.5Y","Fungal",12,"F",15,280
"289",1,"H3","8α","C+1.0Y","Fungal",1,"M",1,268
"290",1,"H3","8α","C+1.0Y","Fungal",2,"M",2,268
"291",1,"H3","8α","C+1.0Y","Fungal",3,"M",1,268
"292",1,"H3","8α","C+1.0Y","Fungal",4,"M",0,268
"293",1,"H3","8α","C+1.0Y","Fungal",5,"M",0,268
"294",1,"H3","8α","C+1.0Y","Fungal",6,"M",1,268
"295",1,"H3","8α","C+1.0Y","Fungal",7,"M",1,268
"296",1,"H3","8α","C+1.0Y","Fungal",8,"M",3,268
"297",1,"H3","8α","C+1.0Y","Fungal",9,"M",4,268
"298",1,"H3","8α","C+1.0Y","Fungal",10,"M",6,268
"299",1,"H3","8α","C+1.0Y","Fungal",11,"M",17,268
"300",1,"H3","8α","C+1.0Y","Fungal",12,"M",9,268
"301",1,"H3","8α","C+1.0Y","Fungal",1,"F",0,268
"302",1,"H3","8α","C+1.0Y","Fungal",2,"F",2,268
"303",1,"H3","8α","C+1.0Y","Fungal",3,"F",0,268
"304",1,"H3","8α","C+1.0Y","Fungal",4,"F",1,268
"305",1,"H3","8α","C+1.0Y","Fungal",5,"F",3,268
"306",1,"H3","8α","C+1.0Y","Fungal",6,"F",3,268
"307",1,"H3","8α","C+1.0Y","Fungal",7,"F",9,268
"308",1,"H3","8α","C+1.0Y","Fungal",8,"F",6,268
"309",1,"H3","8α","C+1.0Y","Fungal",9,"F",11,268
"310",1,"H3","8α","C+1.0Y","Fungal",10,"F",3,268
"311",1,"H3","8α","C+1.0Y","Fungal",11,"F",10,268
"312",1,"H3","8α","C+1.0Y","Fungal",12,"F",12,268
"313",1,"H3","8β","C+1.0Y","Fungal",1,"M",0,280
"314",1,"H3","8β","C+1.0Y","Fungal",2,"M",0,280
"315",1,"H3","8β","C+1.0Y","Fungal",3,"M",0,280
"316",1,"H3","8β","C+1.0Y","Fungal",4,"M",2,280
"317",1,"H3","8β","C+1.0Y","Fungal",5,"M",1,280
"318",1,"H3","8β","C+1.0Y","Fungal",6,"M",5,280
"319",1,"H3","8β","C+1.0Y","Fungal",7,"M",1,280
"320",1,"H3","8β","C+1.0Y","Fungal",8,"M",2,280
"321",1,"H3","8β","C+1.0Y","Fungal",9,"M",6,280
"322",1,"H3","8β","C+1.0Y","Fungal",10,"M",4,280
"323",1,"H3","8β","C+1.0Y","Fungal",11,"M",10,280
"324",1,"H3","8β","C+1.0Y","Fungal",12,"M",14,280
"325",1,"H3","8β","C+1.0Y","Fungal",1,"F",0,280
"326",1,"H3","8β","C+1.0Y","Fungal",2,"F",0,280
"327",1,"H3","8β","C+1.0Y","Fungal",3,"F",0,280
"328",1,"H3","8β","C+1.0Y","Fungal",4,"F",0,280
"329",1,"H3","8β","C+1.0Y","Fungal",5,"F",1,280
"330",1,"H3","8β","C+1.0Y","Fungal",6,"F",8,280
"331",1,"H3","8β","C+1.0Y","Fungal",7,"F",7,280
"332",1,"H3","8β","C+1.0Y","Fungal",8,"F",11,280
"333",1,"H3","8β","C+1.0Y","Fungal",9,"F",17,280
"334",1,"H3","8β","C+1.0Y","Fungal",10,"F",2,280
"335",1,"H3","8β","C+1.0Y","Fungal",11,"F",9,280
"336",1,"H3","8β","C+1.0Y","Fungal",12,"F",8,280
"337",1,"H3","9α","C+1.5Y","Fungal",1,"M",1,249
"338",1,"H3","9α","C+1.5Y","Fungal",2,"M",0,249
"339",1,"H3","9α","C+1.5Y","Fungal",3,"M",0,249
"340",1,"H3","9α","C+1.5Y","Fungal",4,"M",1,249
"341",1,"H3","9α","C+1.5Y","Fungal",5,"M",0,249
"342",1,"H3","9α","C+1.5Y","Fungal",6,"M",2,249
"343",1,"H3","9α","C+1.5Y","Fungal",7,"M",2,249
"344",1,"H3","9α","C+1.5Y","Fungal",8,"M",3,249
"345",1,"H3","9α","C+1.5Y","Fungal",9,"M",9,249
"346",1,"H3","9α","C+1.5Y","Fungal",10,"M",4,249
"347",1,"H3","9α","C+1.5Y","Fungal",11,"M",11,249
"348",1,"H3","9α","C+1.5Y","Fungal",12,"M",12,249
"349",1,"H3","9α","C+1.5Y","Fungal",1,"F",3,249
"350",1,"H3","9α","C+1.5Y","Fungal",2,"F",0,249
"351",1,"H3","9α","C+1.5Y","Fungal",3,"F",0,249
"352",1,"H3","9α","C+1.5Y","Fungal",4,"F",0,249
"353",1,"H3","9α","C+1.5Y","Fungal",5,"F",2,249
"354",1,"H3","9α","C+1.5Y","Fungal",6,"F",5,249
"355",1,"H3","9α","C+1.5Y","Fungal",7,"F",9,249
"356",1,"H3","9α","C+1.5Y","Fungal",8,"F",8,249
"357",1,"H3","9α","C+1.5Y","Fungal",9,"F",10,249
"358",1,"H3","9α","C+1.5Y","Fungal",10,"F",9,249
"359",1,"H3","9α","C+1.5Y","Fungal",11,"F",9,249
"360",1,"H3","9α","C+1.5Y","Fungal",12,"F",11,249
"361",1,"H3","9β","C+1.5Y","Fungal",1,"M",1,326
"362",1,"H3","9β","C+1.5Y","Fungal",2,"M",0,326
"363",1,"H3","9β","C+1.5Y","Fungal",3,"M",1,326
"364",1,"H3","9β","C+1.5Y","Fungal",4,"M",0,326
"365",1,"H3","9β","C+1.5Y","Fungal",5,"M",4,326
"366",1,"H3","9β","C+1.5Y","Fungal",6,"M",3,326
"367",1,"H3","9β","C+1.5Y","Fungal",7,"M",1,326
"368",1,"H3","9β","C+1.5Y","Fungal",8,"M",2,326
"369",1,"H3","9β","C+1.5Y","Fungal",9,"M",13,326
"370",1,"H3","9β","C+1.5Y","Fungal",10,"M",11,326
"371",1,"H3","9β","C+1.5Y","Fungal",11,"M",13,326
"372",1,"H3","9β","C+1.5Y","Fungal",12,"M",14,326
"373",1,"H3","9β","C+1.5Y","Fungal",1,"F",2,326
"374",1,"H3","9β","C+1.5Y","Fungal",2,"F",0,326
"375",1,"H3","9β","C+1.5Y","Fungal",3,"F",1,326
"376",1,"H3","9β","C+1.5Y","Fungal",4,"F",4,326
"377",1,"H3","9β","C+1.5Y","Fungal",5,"F",1,326
"378",1,"H3","9β","C+1.5Y","Fungal",6,"F",7,326
"379",1,"H3","9β","C+1.5Y","Fungal",7,"F",10,326
"380",1,"H3","9β","C+1.5Y","Fungal",8,"F",13,326
"381",1,"H3","9β","C+1.5Y","Fungal",9,"F",17,326
"382",1,"H3","9β","C+1.5Y","Fungal",10,"F",10,326
"383",1,"H3","9β","C+1.5Y","Fungal",11,"F",12,326
"384",1,"H3","9β","C+1.5Y","Fungal",12,"F",9,326
"385",2,"H3","1α","Cornmeal","Control",1,"M",0,304
"386",2,"H3","1α","Cornmeal","Control",2,"M",2,304
"387",2,"H3","1α","Cornmeal","Control",3,"M",1,304
"388",2,"H3","1α","Cornmeal","Control",4,"M",0,304
"389",2,"H3","1α","Cornmeal","Control",5,"M",1,304
"390",2,"H3","1α","Cornmeal","Control",6,"M",0,304
"391",2,"H3","1α","Cornmeal","Control",7,"M",0,304
"392",2,"H3","1α","Cornmeal","Control",8,"M",0,304
"393",2,"H3","1α","Cornmeal","Control",9,"M",1,304
"394",2,"H3","1α","Cornmeal","Control",10,"M",0,304
"395",2,"H3","1α","Cornmeal","Control",11,"M",0,304
"396",2,"H3","1α","Cornmeal","Control",12,"M",0,304
"397",2,"H3","1α","Cornmeal","Control",1,"F",3,304
"398",2,"H3","1α","Cornmeal","Control",2,"F",3,304
"399",2,"H3","1α","Cornmeal","Control",3,"F",0,304
"400",2,"H3","1α","Cornmeal","Control",4,"F",1,304
"401",2,"H3","1α","Cornmeal","Control",5,"F",1,304
"402",2,"H3","1α","Cornmeal","Control",6,"F",0,304
"403",2,"H3","1α","Cornmeal","Control",7,"F",0,304
"404",2,"H3","1α","Cornmeal","Control",8,"F",0,304
"405",2,"H3","1α","Cornmeal","Control",9,"F",1,304
"406",2,"H3","1α","Cornmeal","Control",10,"F",0,304
"407",2,"H3","1α","Cornmeal","Control",11,"F",1,304
"408",2,"H3","1α","Cornmeal","Control",12,"F",0,304
"409",2,"H3","1β","Cornmeal","Control",1,"M",1,262
"410",2,"H3","1β","Cornmeal","Control",2,"M",0,262
"411",2,"H3","1β","Cornmeal","Control",3,"M",0,262
"412",2,"H3","1β","Cornmeal","Control",4,"M",0,262
"413",2,"H3","1β","Cornmeal","Control",5,"M",0,262
"414",2,"H3","1β","Cornmeal","Control",6,"M",0,262
"415",2,"H3","1β","Cornmeal","Control",7,"M",0,262
"416",2,"H3","1β","Cornmeal","Control",8,"M",0,262
"417",2,"H3","1β","Cornmeal","Control",9,"M",0,262
"418",2,"H3","1β","Cornmeal","Control",10,"M",0,262
"419",2,"H3","1β","Cornmeal","Control",11,"M",0,262
"420",2,"H3","1β","Cornmeal","Control",12,"M",0,262
"421",2,"H3","1β","Cornmeal","Control",1,"F",1,262
"422",2,"H3","1β","Cornmeal","Control",2,"F",1,262
"423",2,"H3","1β","Cornmeal","Control",3,"F",0,262
"424",2,"H3","1β","Cornmeal","Control",4,"F",0,262
"425",2,"H3","1β","Cornmeal","Control",5,"F",0,262
"426",2,"H3","1β","Cornmeal","Control",6,"F",0,262
"427",2,"H3","1β","Cornmeal","Control",7,"F",0,262
"428",2,"H3","1β","Cornmeal","Control",8,"F",0,262
"429",2,"H3","1β","Cornmeal","Control",9,"F",1,262
"430",2,"H3","1β","Cornmeal","Control",10,"F",0,262
"431",2,"H3","1β","Cornmeal","Control",11,"F",1,262
"432",2,"H3","1β","Cornmeal","Control",12,"F",0,262
"433",2,"H3","2α","C+0.5Y","Control",1,"M",0,301
"434",2,"H3","2α","C+0.5Y","Control",2,"M",0,301
"435",2,"H3","2α","C+0.5Y","Control",3,"M",2,301
"436",2,"H3","2α","C+0.5Y","Control",4,"M",0,301
"437",2,"H3","2α","C+0.5Y","Control",5,"M",0,301
"438",2,"H3","2α","C+0.5Y","Control",6,"M",0,301
"439",2,"H3","2α","C+0.5Y","Control",7,"M",0,301
"440",2,"H3","2α","C+0.5Y","Control",8,"M",1,301
"441",2,"H3","2α","C+0.5Y","Control",9,"M",0,301
"442",2,"H3","2α","C+0.5Y","Control",10,"M",0,301
"443",2,"H3","2α","C+0.5Y","Control",11,"M",0,301
"444",2,"H3","2α","C+0.5Y","Control",12,"M",3,301
"445",2,"H3","2α","C+0.5Y","Control",1,"F",1,301
"446",2,"H3","2α","C+0.5Y","Control",2,"F",0,301
"447",2,"H3","2α","C+0.5Y","Control",3,"F",1,301
"448",2,"H3","2α","C+0.5Y","Control",4,"F",1,301
"449",2,"H3","2α","C+0.5Y","Control",5,"F",0,301
"450",2,"H3","2α","C+0.5Y","Control",6,"F",1,301
"451",2,"H3","2α","C+0.5Y","Control",7,"F",0,301
"452",2,"H3","2α","C+0.5Y","Control",8,"F",1,301
"453",2,"H3","2α","C+0.5Y","Control",9,"F",3,301
"454",2,"H3","2α","C+0.5Y","Control",10,"F",2,301
"455",2,"H3","2α","C+0.5Y","Control",11,"F",1,301
"456",2,"H3","2α","C+0.5Y","Control",12,"F",1,301
"457",2,"H3","2β","C+0.5Y","Control",1,"M",2,300
"458",2,"H3","2β","C+0.5Y","Control",2,"M",1,300
"459",2,"H3","2β","C+0.5Y","Control",3,"M",0,300
"460",2,"H3","2β","C+0.5Y","Control",4,"M",0,300
"461",2,"H3","2β","C+0.5Y","Control",5,"M",0,300
"462",2,"H3","2β","C+0.5Y","Control",6,"M",0,300
"463",2,"H3","2β","C+0.5Y","Control",7,"M",0,300
"464",2,"H3","2β","C+0.5Y","Control",8,"M",0,300
"465",2,"H3","2β","C+0.5Y","Control",9,"M",1,300
"466",2,"H3","2β","C+0.5Y","Control",10,"M",0,300
"467",2,"H3","2β","C+0.5Y","Control",11,"M",1,300
"468",2,"H3","2β","C+0.5Y","Control",12,"M",0,300
"469",2,"H3","2β","C+0.5Y","Control",1,"F",2,300
"470",2,"H3","2β","C+0.5Y","Control",2,"F",0,300
"471",2,"H3","2β","C+0.5Y","Control",3,"F",0,300
"472",2,"H3","2β","C+0.5Y","Control",4,"F",0,300
"473",2,"H3","2β","C+0.5Y","Control",5,"F",0,300
"474",2,"H3","2β","C+0.5Y","Control",6,"F",0,300
"475",2,"H3","2β","C+0.5Y","Control",7,"F",0,300
"476",2,"H3","2β","C+0.5Y","Control",8,"F",0,300
"477",2,"H3","2β","C+0.5Y","Control",9,"F",1,300
"478",2,"H3","2β","C+0.5Y","Control",10,"F",0,300
"479",2,"H3","2β","C+0.5Y","Control",11,"F",1,300
"480",2,"H3","2β","C+0.5Y","Control",12,"F",1,300
"481",2,"H3","3α","C+1.0Y","Control",1,"M",2,322
"482",2,"H3","3α","C+1.0Y","Control",2,"M",1,322
"483",2,"H3","3α","C+1.0Y","Control",3,"M",0,322
"484",2,"H3","3α","C+1.0Y","Control",4,"M",0,322
"485",2,"H3","3α","C+1.0Y","Control",5,"M",0,322
"486",2,"H3","3α","C+1.0Y","Control",6,"M",0,322
"487",2,"H3","3α","C+1.0Y","Control",7,"M",0,322
"488",2,"H3","3α","C+1.0Y","Control",8,"M",0,322
"489",2,"H3","3α","C+1.0Y","Control",9,"M",2,322
"490",2,"H3","3α","C+1.0Y","Control",10,"M",0,322
"491",2,"H3","3α","C+1.0Y","Control",11,"M",0,322
"492",2,"H3","3α","C+1.0Y","Control",12,"M",0,322
"493",2,"H3","3α","C+1.0Y","Control",1,"F",1,322
"494",2,"H3","3α","C+1.0Y","Control",2,"F",0,322
"495",2,"H3","3α","C+1.0Y","Control",3,"F",0,322
"496",2,"H3","3α","C+1.0Y","Control",4,"F",1,322
"497",2,"H3","3α","C+1.0Y","Control",5,"F",0,322
"498",2,"H3","3α","C+1.0Y","Control",6,"F",1,322
"499",2,"H3","3α","C+1.0Y","Control",7,"F",0,322
"500",2,"H3","3α","C+1.0Y","Control",8,"F",0,322
"501",2,"H3","3α","C+1.0Y","Control",9,"F",0,322
"502",2,"H3","3α","C+1.0Y","Control",10,"F",1,322
"503",2,"H3","3α","C+1.0Y","Control",11,"F",0,322
"504",2,"H3","3α","C+1.0Y","Control",12,"F",0,322
"505",2,"H3","3β","C+1.0Y","Control",1,"M",1,300
"506",2,"H3","3β","C+1.0Y","Control",2,"M",0,300
"507",2,"H3","3β","C+1.0Y","Control",3,"M",0,300
"508",2,"H3","3β","C+1.0Y","Control",4,"M",0,300
"509",2,"H3","3β","C+1.0Y","Control",5,"M",0,300
"510",2,"H3","3β","C+1.0Y","Control",6,"M",0,300
"511",2,"H3","3β","C+1.0Y","Control",7,"M",0,300
"512",2,"H3","3β","C+1.0Y","Control",8,"M",1,300
"513",2,"H3","3β","C+1.0Y","Control",9,"M",0,300
"514",2,"H3","3β","C+1.0Y","Control",10,"M",1,300
"515",2,"H3","3β","C+1.0Y","Control",11,"M",0,300
"516",2,"H3","3β","C+1.0Y","Control",12,"M",1,300
"517",2,"H3","3β","C+1.0Y","Control",1,"F",0,300
"518",2,"H3","3β","C+1.0Y","Control",2,"F",0,300
"519",2,"H3","3β","C+1.0Y","Control",3,"F",0,300
"520",2,"H3","3β","C+1.0Y","Control",4,"F",0,300
"521",2,"H3","3β","C+1.0Y","Control",5,"F",3,300
"522",2,"H3","3β","C+1.0Y","Control",6,"F",1,300
"523",2,"H3","3β","C+1.0Y","Control",7,"F",0,300
"524",2,"H3","3β","C+1.0Y","Control",8,"F",1,300
"525",2,"H3","3β","C+1.0Y","Control",9,"F",0,300
"526",2,"H3","3β","C+1.0Y","Control",10,"F",1,300
"527",2,"H3","3β","C+1.0Y","Control",11,"F",2,300
"528",2,"H3","3β","C+1.0Y","Control",12,"F",1,300
"529",2,"H3","4α","C+1.5Y","Control",1,"M",1,317
"530",2,"H3","4α","C+1.5Y","Control",2,"M",1,317
"531",2,"H3","4α","C+1.5Y","Control",3,"M",0,317
"532",2,"H3","4α","C+1.5Y","Control",4,"M",1,317
"533",2,"H3","4α","C+1.5Y","Control",5,"M",2,317
"534",2,"H3","4α","C+1.5Y","Control",6,"M",1,317
"535",2,"H3","4α","C+1.5Y","Control",7,"M",1,317
"536",2,"H3","4α","C+1.5Y","Control",8,"M",1,317
"537",2,"H3","4α","C+1.5Y","Control",9,"M",0,317
"538",2,"H3","4α","C+1.5Y","Control",10,"M",1,317
"539",2,"H3","4α","C+1.5Y","Control",11,"M",0,317
"540",2,"H3","4α","C+1.5Y","Control",12,"M",0,317
"541",2,"H3","4α","C+1.5Y","Control",1,"F",0,317
"542",2,"H3","4α","C+1.5Y","Control",2,"F",0,317
"543",2,"H3","4α","C+1.5Y","Control",3,"F",0,317
"544",2,"H3","4α","C+1.5Y","Control",4,"F",0,317
"545",2,"H3","4α","C+1.5Y","Control",5,"F",0,317
"546",2,"H3","4α","C+1.5Y","Control",6,"F",1,317
"547",2,"H3","4α","C+1.5Y","Control",7,"F",1,317
"548",2,"H3","4α","C+1.5Y","Control",8,"F",1,317
"549",2,"H3","4α","C+1.5Y","Control",9,"F",1,317
"550",2,"H3","4α","C+1.5Y","Control",10,"F",1,317
"551",2,"H3","4α","C+1.5Y","Control",11,"F",0,317
"552",2,"H3","4α","C+1.5Y","Control",12,"F",2,317
"553",2,"H3","4β","C+1.5Y","Control",1,"M",2,310
"554",2,"H3","4β","C+1.5Y","Control",2,"M",0,310
"555",2,"H3","4β","C+1.5Y","Control",3,"M",1,310
"556",2,"H3","4β","C+1.5Y","Control",4,"M",0,310
"557",2,"H3","4β","C+1.5Y","Control",5,"M",0,310
"558",2,"H3","4β","C+1.5Y","Control",6,"M",0,310
"559",2,"H3","4β","C+1.5Y","Control",7,"M",0,310
"560",2,"H3","4β","C+1.5Y","Control",8,"M",0,310
"561",2,"H3","4β","C+1.5Y","Control",9,"M",2,310
"562",2,"H3","4β","C+1.5Y","Control",10,"M",0,310
"563",2,"H3","4β","C+1.5Y","Control",11,"M",0,310
"564",2,"H3","4β","C+1.5Y","Control",12,"M",1,310
"565",2,"H3","4β","C+1.5Y","Control",1,"F",0,310
"566",2,"H3","4β","C+1.5Y","Control",2,"F",0,310
"567",2,"H3","4β","C+1.5Y","Control",3,"F",1,310
"568",2,"H3","4β","C+1.5Y","Control",4,"F",0,310
"569",2,"H3","4β","C+1.5Y","Control",5,"F",2,310
"570",2,"H3","4β","C+1.5Y","Control",6,"F",1,310
"571",2,"H3","4β","C+1.5Y","Control",7,"F",0,310
"572",2,"H3","4β","C+1.5Y","Control",8,"F",1,310
"573",2,"H3","4β","C+1.5Y","Control",9,"F",1,310
"574",2,"H3","4β","C+1.5Y","Control",10,"F",0,310
"575",2,"H3","4β","C+1.5Y","Control",11,"F",1,310
"576",2,"H3","4β","C+1.5Y","Control",12,"F",1,310
"577",2,"H3","6α","Cornmeal","Fungal",1,"M",0,277
"578",2,"H3","6α","Cornmeal","Fungal",2,"M",0,277
"579",2,"H3","6α","Cornmeal","Fungal",3,"M",0,277
"580",2,"H3","6α","Cornmeal","Fungal",4,"M",0,277
"581",2,"H3","6α","Cornmeal","Fungal",5,"M",1,277
"582",2,"H3","6α","Cornmeal","Fungal",6,"M",5,277
"583",2,"H3","6α","Cornmeal","Fungal",7,"M",3,277
"584",2,"H3","6α","Cornmeal","Fungal",8,"M",5,277
"585",2,"H3","6α","Cornmeal","Fungal",9,"M",7,277
"586",2,"H3","6α","Cornmeal","Fungal",10,"M",10,277
"587",2,"H3","6α","Cornmeal","Fungal",11,"M",20,277
"588",2,"H3","6α","Cornmeal","Fungal",12,"M",21,277
"589",2,"H3","6α","Cornmeal","Fungal",1,"F",0,277
"590",2,"H3","6α","Cornmeal","Fungal",2,"F",0,277
"591",2,"H3","6α","Cornmeal","Fungal",3,"F",1,277
"592",2,"H3","6α","Cornmeal","Fungal",4,"F",3,277
"593",2,"H3","6α","Cornmeal","Fungal",5,"F",1,277
"594",2,"H3","6α","Cornmeal","Fungal",6,"F",1,277
"595",2,"H3","6α","Cornmeal","Fungal",7,"F",20,277
"596",2,"H3","6α","Cornmeal","Fungal",8,"F",17,277
"597",2,"H3","6α","Cornmeal","Fungal",9,"F",19,277
"598",2,"H3","6α","Cornmeal","Fungal",10,"F",18,277
"599",2,"H3","6α","Cornmeal","Fungal",11,"F",14,277
"600",2,"H3","6α","Cornmeal","Fungal",12,"F",6,277
"601",2,"H3","6β","Cornmeal","Fungal",1,"M",3,259
"602",2,"H3","6β","Cornmeal","Fungal",2,"M",0,259
"603",2,"H3","6β","Cornmeal","Fungal",3,"M",0,259
"604",2,"H3","6β","Cornmeal","Fungal",4,"M",1,259
"605",2,"H3","6β","Cornmeal","Fungal",5,"M",0,259
"606",2,"H3","6β","Cornmeal","Fungal",6,"M",4,259
"607",2,"H3","6β","Cornmeal","Fungal",7,"M",0,259
"608",2,"H3","6β","Cornmeal","Fungal",8,"M",7,259
"609",2,"H3","6β","Cornmeal","Fungal",9,"M",13,259
"610",2,"H3","6β","Cornmeal","Fungal",10,"M",19,259
"611",2,"H3","6β","Cornmeal","Fungal",11,"M",15,259
"612",2,"H3","6β","Cornmeal","Fungal",12,"M",17,259
"613",2,"H3","6β","Cornmeal","Fungal",1,"F",2,259
"614",2,"H3","6β","Cornmeal","Fungal",2,"F",3,259
"615",2,"H3","6β","Cornmeal","Fungal",3,"F",2,259
"616",2,"H3","6β","Cornmeal","Fungal",4,"F",0,259
"617",2,"H3","6β","Cornmeal","Fungal",5,"F",2,259
"618",2,"H3","6β","Cornmeal","Fungal",6,"F",1,259
"619",2,"H3","6β","Cornmeal","Fungal",7,"F",19,259
"620",2,"H3","6β","Cornmeal","Fungal",8,"F",13,259
"621",2,"H3","6β","Cornmeal","Fungal",9,"F",16,259
"622",2,"H3","6β","Cornmeal","Fungal",10,"F",13,259
"623",2,"H3","6β","Cornmeal","Fungal",11,"F",17,259
"624",2,"H3","6β","Cornmeal","Fungal",12,"F",8,259
"625",2,"H3","7α","C+0.5Y","Fungal",1,"M",1,271
"626",2,"H3","7α","C+0.5Y","Fungal",2,"M",1,271
"627",2,"H3","7α","C+0.5Y","Fungal",3,"M",1,271
"628",2,"H3","7α","C+0.5Y","Fungal",4,"M",0,271
"629",2,"H3","7α","C+0.5Y","Fungal",5,"M",0,271
"630",2,"H3","7α","C+0.5Y","Fungal",6,"M",2,271
"631",2,"H3","7α","C+0.5Y","Fungal",7,"M",1,271
"632",2,"H3","7α","C+0.5Y","Fungal",8,"M",0,271
"633",2,"H3","7α","C+0.5Y","Fungal",9,"M",0,271
"634",2,"H3","7α","C+0.5Y","Fungal",10,"M",8,271
"635",2,"H3","7α","C+0.5Y","Fungal",11,"M",10,271
"636",2,"H3","7α","C+0.5Y","Fungal",12,"M",11,271
"637",2,"H3","7α","C+0.5Y","Fungal",1,"F",1,271
"638",2,"H3","7α","C+0.5Y","Fungal",2,"F",0,271
"639",2,"H3","7α","C+0.5Y","Fungal",3,"F",0,271
"640",2,"H3","7α","C+0.5Y","Fungal",4,"F",0,271
"641",2,"H3","7α","C+0.5Y","Fungal",5,"F",0,271
"642",2,"H3","7α","C+0.5Y","Fungal",6,"F",3,271
"643",2,"H3","7α","C+0.5Y","Fungal",7,"F",7,271
"644",2,"H3","7α","C+0.5Y","Fungal",8,"F",11,271
"645",2,"H3","7α","C+0.5Y","Fungal",9,"F",10,271
"646",2,"H3","7α","C+0.5Y","Fungal",10,"F",5,271
"647",2,"H3","7α","C+0.5Y","Fungal",11,"F",10,271
"648",2,"H3","7α","C+0.5Y","Fungal",12,"F",11,271
"649",2,"H3","7β","C+0.5Y","Fungal",1,"M",3,277
"650",2,"H3","7β","C+0.5Y","Fungal",2,"M",2,277
"651",2,"H3","7β","C+0.5Y","Fungal",3,"M",0,277
"652",2,"H3","7β","C+0.5Y","Fungal",4,"M",0,277
"653",2,"H3","7β","C+0.5Y","Fungal",5,"M",5,277
"654",2,"H3","7β","C+0.5Y","Fungal",6,"M",0,277
"655",2,"H3","7β","C+0.5Y","Fungal",7,"M",1,277
"656",2,"H3","7β","C+0.5Y","Fungal",8,"M",1,277
"657",2,"H3","7β","C+0.5Y","Fungal",9,"M",4,277
"658",2,"H3","7β","C+0.5Y","Fungal",10,"M",6,277
"659",2,"H3","7β","C+0.5Y","Fungal",11,"M",9,277
"660",2,"H3","7β","C+0.5Y","Fungal",12,"M",16,277
"661",2,"H3","7β","C+0.5Y","Fungal",1,"F",1,277
"662",2,"H3","7β","C+0.5Y","Fungal",2,"F",0,277
"663",2,"H3","7β","C+0.5Y","Fungal",3,"F",1,277
"664",2,"H3","7β","C+0.5Y","Fungal",4,"F",0,277
"665",2,"H3","7β","C+0.5Y","Fungal",5,"F",3,277
"666",2,"H3","7β","C+0.5Y","Fungal",6,"F",1,277
"667",2,"H3","7β","C+0.5Y","Fungal",7,"F",10,277
"668",2,"H3","7β","C+0.5Y","Fungal",8,"F",12,277
"669",2,"H3","7β","C+0.5Y","Fungal",9,"F",7,277
"670",2,"H3","7β","C+0.5Y","Fungal",10,"F",2,277
"671",2,"H3","7β","C+0.5Y","Fungal",11,"F",13,277
"672",2,"H3","7β","C+0.5Y","Fungal",12,"F",11,277
"673",2,"H3","8α","C+1.0Y","Fungal",1,"M",11,283
"674",2,"H3","8α","C+1.0Y","Fungal",2,"M",0,283
"675",2,"H3","8α","C+1.0Y","Fungal",3,"M",1,283
"676",2,"H3","8α","C+1.0Y","Fungal",4,"M",0,283
"677",2,"H3","8α","C+1.0Y","Fungal",5,"M",1,283
"678",2,"H3","8α","C+1.0Y","Fungal",6,"M",1,283
"679",2,"H3","8α","C+1.0Y","Fungal",7,"M",0,283
"680",2,"H3","8α","C+1.0Y","Fungal",8,"M",3,283
"681",2,"H3","8α","C+1.0Y","Fungal",9,"M",2,283
"682",2,"H3","8α","C+1.0Y","Fungal",10,"M",4,283
"683",2,"H3","8α","C+1.0Y","Fungal",11,"M",2,283
"684",2,"H3","8α","C+1.0Y","Fungal",12,"M",15,283
"685",2,"H3","8α","C+1.0Y","Fungal",1,"F",4,283
"686",2,"H3","8α","C+1.0Y","Fungal",2,"F",0,283
"687",2,"H3","8α","C+1.0Y","Fungal",3,"F",0,283
"688",2,"H3","8α","C+1.0Y","Fungal",4,"F",2,283
"689",2,"H3","8α","C+1.0Y","Fungal",5,"F",0,283
"690",2,"H3","8α","C+1.0Y","Fungal",6,"F",1,283
"691",2,"H3","8α","C+1.0Y","Fungal",7,"F",7,283
"692",2,"H3","8α","C+1.0Y","Fungal",8,"F",3,283
"693",2,"H3","8α","C+1.0Y","Fungal",9,"F",4,283
"694",2,"H3","8α","C+1.0Y","Fungal",10,"F",5,283
"695",2,"H3","8α","C+1.0Y","Fungal",11,"F",12,283
"696",2,"H3","8α","C+1.0Y","Fungal",12,"F",7,283
"697",2,"H3","8β","C+1.0Y","Fungal",1,"M",0,276
"698",2,"H3","8β","C+1.0Y","Fungal",2,"M",1,276
"699",2,"H3","8β","C+1.0Y","Fungal",3,"M",1,276
"700",2,"H3","8β","C+1.0Y","Fungal",4,"M",0,276
"701",2,"H3","8β","C+1.0Y","Fungal",5,"M",0,276
"702",2,"H3","8β","C+1.0Y","Fungal",6,"M",0,276
"703",2,"H3","8β","C+1.0Y","Fungal",7,"M",0,276
"704",2,"H3","8β","C+1.0Y","Fungal",8,"M",2,276
"705",2,"H3","8β","C+1.0Y","Fungal",9,"M",4,276
"706",2,"H3","8β","C+1.0Y","Fungal",10,"M",4,276
"707",2,"H3","8β","C+1.0Y","Fungal",11,"M",7,276
"708",2,"H3","8β","C+1.0Y","Fungal",12,"M",4,276
"709",2,"H3","8β","C+1.0Y","Fungal",1,"F",1,276
"710",2,"H3","8β","C+1.0Y","Fungal",2,"F",0,276
"711",2,"H3","8β","C+1.0Y","Fungal",3,"F",0,276
"712",2,"H3","8β","C+1.0Y","Fungal",4,"F",1,276
"713",2,"H3","8β","C+1.0Y","Fungal",5,"F",3,276
"714",2,"H3","8β","C+1.0Y","Fungal",6,"F",0,276
"715",2,"H3","8β","C+1.0Y","Fungal",7,"F",4,276
"716",2,"H3","8β","C+1.0Y","Fungal",8,"F",4,276
"717",2,"H3","8β","C+1.0Y","Fungal",9,"F",3,276
"718",2,"H3","8β","C+1.0Y","Fungal",10,"F",7,276
"719",2,"H3","8β","C+1.0Y","Fungal",11,"F",6,276
"720",2,"H3","8β","C+1.0Y","Fungal",12,"F",5,276
"721",2,"H3","9α","C+1.5Y","Fungal",1,"M",0,276
"722",2,"H3","9α","C+1.5Y","Fungal",2,"M",1,276
"723",2,"H3","9α","C+1.5Y","Fungal",3,"M",0,276
"724",2,"H3","9α","C+1.5Y","Fungal",4,"M",0,276
"725",2,"H3","9α","C+1.5Y","Fungal",5,"M",0,276
"726",2,"H3","9α","C+1.5Y","Fungal",6,"M",2,276
"727",2,"H3","9α","C+1.5Y","Fungal",7,"M",3,276
"728",2,"H3","9α","C+1.5Y","Fungal",8,"M",4,276
"729",2,"H3","9α","C+1.5Y","Fungal",9,"M",9,276
"730",2,"H3","9α","C+1.5Y","Fungal",10,"M",6,276
"731",2,"H3","9α","C+1.5Y","Fungal",11,"M",8,276
"732",2,"H3","9α","C+1.5Y","Fungal",12,"M",8,276
"733",2,"H3","9α","C+1.5Y","Fungal",1,"F",0,276
"734",2,"H3","9α","C+1.5Y","Fungal",2,"F",0,276
"735",2,"H3","9α","C+1.5Y","Fungal",3,"F",0,276
"736",2,"H3","9α","C+1.5Y","Fungal",4,"F",0,276
"737",2,"H3","9α","C+1.5Y","Fungal",5,"F",1,276
"738",2,"H3","9α","C+1.5Y","Fungal",6,"F",1,276
"739",2,"H3","9α","C+1.5Y","Fungal",7,"F",5,276
"740",2,"H3","9α","C+1.5Y","Fungal",8,"F",6,276
"741",2,"H3","9α","C+1.5Y","Fungal",9,"F",9,276
"742",2,"H3","9α","C+1.5Y","Fungal",10,"F",14,276
"743",2,"H3","9α","C+1.5Y","Fungal",11,"F",8,276
"744",2,"H3","9α","C+1.5Y","Fungal",12,"F",7,276
"745",2,"H3","9β","C+1.5Y","Fungal",1,"M",7,282
"746",2,"H3","9β","C+1.5Y","Fungal",2,"M",2,282
"747",2,"H3","9β","C+1.5Y","Fungal",3,"M",1,282
"748",2,"H3","9β","C+1.5Y","Fungal",4,"M",0,282
"749",2,"H3","9β","C+1.5Y","Fungal",5,"M",1,282
"750",2,"H3","9β","C+1.5Y","Fungal",6,"M",2,282
"751",2,"H3","9β","C+1.5Y","Fungal",7,"M",2,282
"752",2,"H3","9β","C+1.5Y","Fungal",8,"M",2,282
"753",2,"H3","9β","C+1.5Y","Fungal",9,"M",2,282
"754",2,"H3","9β","C+1.5Y","Fungal",10,"M",8,282
"755",2,"H3","9β","C+1.5Y","Fungal",11,"M",6,282
"756",2,"H3","9β","C+1.5Y","Fungal",12,"M",9,282
"757",2,"H3","9β","C+1.5Y","Fungal",1,"F",0,282
"758",2,"H3","9β","C+1.5Y","Fungal",2,"F",1,282
"759",2,"H3","9β","C+1.5Y","Fungal",3,"F",1,282
"760",2,"H3","9β","C+1.5Y","Fungal",4,"F",2,282
"761",2,"H3","9β","C+1.5Y","Fungal",5,"F",2,282
"762",2,"H3","9β","C+1.5Y","Fungal",6,"F",1,282
"763",2,"H3","9β","C+1.5Y","Fungal",7,"F",8,282
"764",2,"H3","9β","C+1.5Y","Fungal",8,"F",2,282
"765",2,"H3","9β","C+1.5Y","Fungal",9,"F",4,282
"766",2,"H3","9β","C+1.5Y","Fungal",10,"F",8,282
"767",2,"H3","9β","C+1.5Y","Fungal",11,"F",7,282
"768",2,"H3","9β","C+1.5Y","Fungal",12,"F",3,282
