 ,Fungal,Mated,Cohabit,Male,est,day,Treatment,Sex,Mating_status,male_fun,male_mat,fun_mated,lower,upper,Day,int_colour
1,0,0,0,0,1,0,Control,female,Virgin,0,0,0,NA,NA,0,Virgin female
2,0,0,0,0,0.999307113,1,Control,female,Virgin,0,0,0,0.99834469,0.999831376,1,Virgin female
3,0,0,0,0,0.997916264,2,Control,female,Virgin,0,0,0,0.99584881,0.9991808,2,Virgin female
4,0,0,0,0,0.997217328,3,Control,female,Virgin,0,0,0,0.994613577,0.998836834,3,Virgin female
5,0,0,0,0,0.995549001,4,Control,female,Virgin,0,0,0,0.991781135,0.998111043,4,Virgin female
6,0,0,0,0,0.993512563,5,Control,female,Virgin,0,0,0,0.988371035,0.997043153,5,Virgin female
7,0,0,0,0,0.989634704,6,Control,female,Virgin,0,0,0,0.982324571,0.994909281,6,Virgin female
8,0,0,0,0,0.989117814,7,Control,female,Virgin,0,0,0,0.981886143,0.994536881,7,Virgin female
9,0,0,0,0,0.988270299,8,Control,female,Virgin,0,0,0,0.980739609,0.993708362,8,Virgin female
10,0,0,0,0,0.987411481,9,Control,female,Virgin,0,0,0,0.979646018,0.993092271,9,Virgin female
11,0,0,0,0,0.986104912,10,Control,female,Virgin,0,0,0,0.978274411,0.991976273,10,Virgin female
12,0,0,0,0,0.984703776,11,Control,female,Virgin,0,0,0,0.976835294,0.990935152,11,Virgin female
13,0,0,0,0,0.983188277,12,Control,female,Virgin,0,0,0,0.974822123,0.989943655,12,Virgin female
14,0,0,0,0,0.980652321,13,Control,female,Virgin,0,0,0,0.971606833,0.987787305,13,Virgin female
15,0,0,0,0,0.977512049,14,Control,female,Virgin,0,0,0,0.967807142,0.985282428,14,Virgin female
16,0,0,0,0,0.974665499,15,Control,female,Virgin,0,0,0,0.964256083,0.983141427,15,Virgin female
17,0,0,0,0,0.971387815,16,Control,female,Virgin,0,0,0,0.960154336,0.980684031,16,Virgin female
18,0,0,0,0,0.967687877,17,Control,female,Virgin,0,0,0,0.955270809,0.978060052,17,Virgin female
19,0,0,0,0,0.963911625,18,Control,female,Virgin,0,0,0,0.950509077,0.975385196,18,Virgin female
20,0,0,0,0,0.961348575,19,Control,female,Virgin,0,0,0,0.946937032,0.973553676,19,Virgin female
21,0,0,0,0,0.9584793,20,Control,female,Virgin,0,0,0,0.943231081,0.971493048,20,Virgin female
22,0,0,0,0,0.954990402,21,Control,female,Virgin,0,0,0,0.93848845,0.969102492,21,Virgin female
23,0,0,0,1,1,0,Control,male,Virgin,0,0,0,NA,NA,0,Virgin male
24,0,0,0,1,0.998537866,1,Control,male,Virgin,0,0,0,0.996709309,0.999636323,1,Virgin male
25,0,0,0,1,0.995606291,2,Control,male,Virgin,0,0,0,0.99144129,0.998210528,2,Virgin male
26,0,0,0,1,0.994134813,3,Control,male,Virgin,0,0,0,0.989428097,0.997335103,3,Virgin male
27,0,0,0,1,0.990627098,4,Control,male,Virgin,0,0,0,0.98389856,0.995751359,4,Virgin male
28,0,0,0,1,0.986354258,5,Control,male,Virgin,0,0,0,0.977530774,0.993374083,5,Virgin male
29,0,0,0,1,0.978244636,6,Control,male,Virgin,0,0,0,0.965559578,0.988602506,6,Virgin male
30,0,0,0,1,0.977166345,7,Control,male,Virgin,0,0,0,0.964441858,0.987622987,7,Virgin male
31,0,0,0,1,0.975399686,8,Control,male,Virgin,0,0,0,0.962320792,0.985984527,8,Virgin male
32,0,0,0,1,0.973611182,9,Control,male,Virgin,0,0,0,0.960321867,0.984231491,9,Virgin male
33,0,0,0,1,0.970893542,10,Control,male,Virgin,0,0,0,0.95730062,0.981820082,10,Virgin male
34,0,0,0,1,0.967983646,11,Control,male,Virgin,0,0,0,0.954078053,0.979274864,11,Virgin male
35,0,0,0,1,0.964841415,12,Control,male,Virgin,0,0,0,0.950412946,0.976677852,12,Virgin male
36,0,0,0,1,0.959595394,13,Control,male,Virgin,0,0,0,0.944756497,0.971934848,13,Virgin male
37,0,0,0,1,0.953120111,14,Control,male,Virgin,0,0,0,0.937169961,0.966466649,14,Virgin male
38,0,0,0,1,0.947270421,15,Control,male,Virgin,0,0,0,0.929965207,0.961581104,15,Virgin male
39,0,0,0,1,0.940558218,16,Control,male,Virgin,0,0,0,0.922331933,0.955903898,16,Virgin male
40,0,0,0,1,0.933011479,17,Control,male,Virgin,0,0,0,0.913162693,0.949414609,17,Virgin male
41,0,0,0,1,0.925342072,18,Control,male,Virgin,0,0,0,0.904108498,0.943438457,18,Virgin male
42,0,0,0,1,0.920155601,19,Control,male,Virgin,0,0,0,0.89824194,0.938977344,19,Virgin male
43,0,0,0,1,0.914367667,20,Control,male,Virgin,0,0,0,0.890799383,0.934519518,20,Virgin male
44,0,0,0,1,0.907355714,21,Control,male,Virgin,0,0,0,0.882512276,0.928850095,21,Virgin male
45,0,1,0,0,1,0,Control,female,Mated,0,0,0,NA,NA,0,Mated female
46,0,1,0,0,0.999116366,1,Control,female,Mated,0,0,0,0.997932398,0.999784278,1,Mated female
47,0,1,0,0,0.997343135,2,Control,female,Mated,0,0,0,0.99488311,0.99894994,2,Mated female
48,0,1,0,0,0.9964523,3,Control,female,Mated,0,0,0,0.993249689,0.998482691,3,Mated female
49,0,1,0,0,0.994326614,4,Control,female,Mated,0,0,0,0.989410312,0.997666182,4,Mated female
50,0,1,0,0,0.991733231,5,Control,female,Mated,0,0,0,0.984954853,0.996386213,5,Mated female
51,0,1,0,0,0.986798866,6,Control,female,Mated,0,0,0,0.976838234,0.99377802,6,Mated female
52,0,1,0,0,0.986157251,7,Control,female,Mated,0,0,0,0.975917459,0.993372085,7,Mated female
53,0,1,0,0,0.985105408,8,Control,female,Mated,0,0,0,0.974703775,0.992562072,8,Mated female
54,0,1,0,0,0.984039763,9,Control,female,Mated,0,0,0,0.97327461,0.991921825,9,Mated female
55,0,1,0,0,0.982418972,10,Control,female,Mated,0,0,0,0.970846193,0.990929737,10,Mated female
56,0,1,0,0,0.980681454,11,Control,female,Mated,0,0,0,0.968493049,0.989763711,11,Mated female
57,0,1,0,0,0.9788028,12,Control,female,Mated,0,0,0,0.966116884,0.988476544,12,Mated female
58,0,1,0,0,0.976444122,13,Control,female,Mated,0,0,0,0.963230907,0.986747836,13,Mated female
59,0,1,0,0,0.973522817,14,Control,female,Mated,0,0,0,0.959299159,0.984683594,14,Mated female
60,0,1,0,0,0.97087422,15,Control,female,Mated,0,0,0,0.955938189,0.982846622,15,Mated female
61,0,1,0,0,0.967823839,16,Control,female,Mated,0,0,0,0.951800427,0.980722227,16,Mated female
62,0,1,0,0,0.964379673,17,Control,female,Mated,0,0,0,0.947225241,0.978393421,17,Mated female
63,0,1,0,0,0.960863575,18,Control,female,Mated,0,0,0,0.942558466,0.976362902,18,Mated female
64,0,1,0,0,0.958476581,19,Control,female,Mated,0,0,0,0.938872141,0.974864591,19,Mated female
65,0,1,0,0,0.955803902,20,Control,female,Mated,0,0,0,0.934660993,0.973288374,20,Mated female
66,0,1,0,0,0.952553344,21,Control,female,Mated,0,0,0,0.93053633,0.971164205,21,Mated female
67,0,1,0,1,1,0,Control,male,Mated,0,1,0,NA,NA,0,Mated male
68,0,1,0,1,0.998970734,1,Control,male,Mated,0,1,0,0.997566259,0.999738334,1,Mated male
69,0,1,0,1,0.996905711,2,Control,male,Mated,0,1,0,0.993969556,0.998810049,2,Mated male
70,0,1,0,1,0.995868513,3,Control,male,Mated,0,1,0,0.99234448,0.998250914,3,Mated male
71,0,1,0,1,0.993394199,4,Control,male,Mated,0,1,0,0.987473404,0.997176517,4,Mated male
72,0,1,0,1,0.990376664,5,Control,male,Mated,0,1,0,0.98192488,0.995671878,5,Mated male
73,0,1,0,1,0.98463887,6,Control,male,Mated,0,1,0,0.972739718,0.993024711,6,Mated male
74,0,1,0,1,0.983893132,7,Control,male,Mated,0,1,0,0.97175875,0.992563649,7,Mated male
75,0,1,0,1,0.982670766,8,Control,male,Mated,0,1,0,0.969987351,0.991761323,8,Mated male
76,0,1,0,1,0.981432581,9,Control,male,Mated,0,1,0,0.968183159,0.990967133,9,Mated male
77,0,1,0,1,0.979549787,10,Control,male,Mated,0,1,0,0.965473932,0.989876428,10,Mated male
78,0,1,0,1,0.977531969,11,Control,male,Mated,0,1,0,0.962696973,0.988587554,11,Mated male
79,0,1,0,1,0.975350908,12,Control,male,Mated,0,1,0,0.959496386,0.987141043,12,Mated male
80,0,1,0,1,0.97261353,13,Control,male,Mated,0,1,0,0.955704351,0.985235517,13,Mated male
81,0,1,0,1,0.969224705,14,Control,male,Mated,0,1,0,0.951192184,0.983090858,14,Mated male
82,0,1,0,1,0.966153679,15,Control,male,Mated,0,1,0,0.946925393,0.981150571,15,Mated male
83,0,1,0,1,0.962618501,16,Control,male,Mated,0,1,0,0.942139237,0.978795098,16,Mated male
84,0,1,0,1,0.958629161,17,Control,male,Mated,0,1,0,0.936416982,0.976087511,17,Mated male
85,0,1,0,1,0.954558926,18,Control,male,Mated,0,1,0,0.930828079,0.973848978,18,Mated male
86,0,1,0,1,0.951797141,19,Control,male,Mated,0,1,0,0.926822413,0.972303795,19,Mated male
87,0,1,0,1,0.948706159,20,Control,male,Mated,0,1,0,0.92200151,0.970587715,20,Mated male
88,0,1,0,1,0.944948775,21,Control,male,Mated,0,1,0,0.916557637,0.968288438,21,Mated male
89,0,0,1,1,1,0,Control,male,Cohabiting,0,0,0,NA,NA,0,Cohabit male
90,0,0,1,1,0.995926407,1,Control,male,Cohabiting,0,0,0,0.991963817,0.998722621,1,Cohabit male
91,0,0,1,1,0.987790964,2,Control,male,Cohabiting,0,0,0,0.980404566,0.993208341,2,Cohabit male
92,0,0,1,1,0.983723578,3,Control,male,Cohabiting,0,0,0,0.974337634,0.990559228,3,Cohabit male
93,0,0,1,1,0.974071097,4,Control,male,Cohabiting,0,0,0,0.961775378,0.984117277,4,Cohabit male
94,0,0,1,1,0.96239552,5,Control,male,Cohabiting,0,0,0,0.94625275,0.97554022,5,Cohabit male
95,0,0,1,1,0.940483615,6,Control,male,Cohabiting,0,0,0,0.919123531,0.958090983,6,Cohabit male
96,0,0,1,1,0.935730385,7,Control,male,Cohabiting,0,0,0,0.914320912,0.953910548,7,Cohabit male
97,0,0,1,1,0.927983388,8,Control,male,Cohabiting,0,0,0,0.906938432,0.947408282,8,Cohabit male
98,0,0,1,1,0.920191808,9,Control,male,Cohabiting,0,0,0,0.89813107,0.941114267,9,Cohabit male
99,0,0,1,1,0.908450526,10,Control,male,Cohabiting,0,0,0,0.883955139,0.931099036,10,Cohabit male
100,0,0,1,1,0.896008901,11,Control,male,Cohabiting,0,0,0,0.868695424,0.92186005,11,Cohabit male
101,0,0,1,1,0.882724009,12,Control,male,Cohabiting,0,0,0,0.851895351,0.912484806,12,Cohabit male
102,0,0,1,1,0.871751722,13,Control,male,Cohabiting,0,0,0,0.8405224,0.902394459,13,Cohabit male
103,0,0,1,1,0.858315032,14,Control,male,Cohabiting,0,0,0,0.82613863,0.889693787,14,Cohabit male
104,0,0,1,1,0.846277628,15,Control,male,Cohabiting,0,0,0,0.811415305,0.87912638,15,Cohabit male
105,0,0,1,1,0.8325834,16,Control,male,Cohabiting,0,0,0,0.795317435,0.867477071,16,Cohabit male
106,0,0,1,1,0.81733689,17,Control,male,Cohabiting,0,0,0,0.776387969,0.854563297,17,Cohabit male
107,0,0,1,1,0.802005213,18,Control,male,Cohabiting,0,0,0,0.756891693,0.842018194,18,Cohabit male
108,0,0,1,1,0.791729836,19,Control,male,Cohabiting,0,0,0,0.744876934,0.833887208,19,Cohabit male
109,0,0,1,1,0.780351018,20,Control,male,Cohabiting,0,0,0,0.730024277,0.823905828,20,Cohabit male
110,0,0,1,1,0.766690178,21,Control,male,Cohabiting,0,0,0,0.713693331,0.813166312,21,Cohabit male
111,0,0,1,0,1,0,Control,female,Cohabiting,0,0,0,NA,NA,0,Cohabit female
112,0,0,1,0,0.998068244,1,Control,female,Cohabiting,0,0,0,0.995807042,0.999415618,1,Cohabit female
113,0,0,1,0,0.994197815,2,Control,female,Cohabiting,0,0,0,0.990106837,0.997148603,2,Cohabit female
114,0,0,1,0,0.99225647,3,Control,female,Cohabiting,0,0,0,0.986977003,0.996178335,3,Cohabit female
115,0,0,1,0,0.987632406,4,Control,female,Cohabiting,0,0,0,0.980375726,0.993497295,4,Cohabit female
116,0,0,1,0,0.982006823,5,Control,female,Cohabiting,0,0,0,0.971458088,0.989958079,5,Cohabit female
117,0,0,1,0,0.971351316,6,Control,female,Cohabiting,0,0,0,0.956289388,0.983324677,6,Cohabit female
118,0,0,1,0,0.969022683,7,Control,female,Cohabiting,0,0,0,0.953287437,0.981277793,7,Cohabit female
119,0,0,1,0,0.965214006,8,Control,female,Cohabiting,0,0,0,0.948407583,0.978532596,8,Cohabit female
120,0,0,1,0,0.961366494,9,Control,female,Cohabiting,0,0,0,0.943273784,0.975197788,9,Cohabit female
121,0,0,1,0,0.955536074,10,Control,female,Cohabiting,0,0,0,0.934975527,0.971378761,10,Cohabit female
122,0,0,1,0,0.949314437,11,Control,female,Cohabiting,0,0,0,0.926811152,0.967123699,11,Cohabit female
123,0,0,1,0,0.942620706,12,Control,female,Cohabiting,0,0,0,0.91809699,0.962152346,12,Cohabit female
124,0,0,1,0,0.937052121,13,Control,female,Cohabiting,0,0,0,0.911772188,0.957464599,13,Cohabit female
125,0,0,1,0,0.930182331,14,Control,female,Cohabiting,0,0,0,0.903097348,0.952470938,14,Cohabit female
126,0,0,1,0,0.923979729,15,Control,female,Cohabiting,0,0,0,0.895927466,0.947262423,15,Cohabit female
127,0,0,1,0,0.916866672,16,Control,female,Cohabiting,0,0,0,0.886815591,0.941512237,16,Cohabit female
128,0,0,1,0,0.908874502,17,Control,female,Cohabiting,0,0,0,0.877081982,0.935602328,17,Cohabit female
129,0,0,1,0,0.900758167,18,Control,female,Cohabiting,0,0,0,0.866396882,0.929668824,18,Cohabit female
130,0,0,1,0,0.895272764,19,Control,female,Cohabiting,0,0,0,0.858929888,0.924721063,19,Cohabit female
131,0,0,1,0,0.889154398,20,Control,female,Cohabiting,0,0,0,0.851203245,0.920179205,20,Cohabit female
132,0,0,1,0,0.881746636,21,Control,female,Cohabiting,0,0,0,0.841600746,0.915545075,21,Cohabit female
133,1,0,0,0,1,0,Inoculated,female,Virgin,0,0,0,NA,NA,0,Virgin female
134,1,0,0,0,0.998036213,1,Inoculated,female,Virgin,0,0,0,0.996131286,0.999381543,1,Virgin female
135,1,0,0,0,0.994101799,2,Inoculated,female,Virgin,0,0,0,0.989611361,0.997382839,2,Virgin female
136,1,0,0,0,0.992128454,3,Inoculated,female,Virgin,0,0,0,0.986983773,0.99612135,3,Virgin female
137,1,0,0,0,0.987428432,4,Inoculated,female,Virgin,0,0,0,0.980400653,0.993568103,4,Virgin female
138,1,0,0,0,0.981710931,5,Inoculated,female,Virgin,0,0,0,0.972149246,0.989819655,5,Virgin female
139,1,0,0,0,0.970882812,6,Inoculated,female,Virgin,0,0,0,0.956477128,0.983109287,6,Virgin female
140,1,0,0,0,0.945198373,7,Inoculated,female,Virgin,0,0,0,0.929590761,0.960683728,7,Virgin female
141,1,0,0,0,0.904519677,8,Inoculated,female,Virgin,0,0,0,0.883645226,0.923842358,8,Virgin female
142,1,0,0,0,0.865050724,9,Inoculated,female,Virgin,0,0,0,0.840652791,0.889822592,9,Virgin female
143,1,0,0,0,0.80822209,10,Inoculated,female,Virgin,0,0,0,0.777367128,0.839775918,10,Virgin female
144,1,0,0,0,0.7513468,11,Inoculated,female,Virgin,0,0,0,0.712424021,0.78882573,11,Virgin female
145,1,0,0,0,0.694244994,12,Inoculated,female,Virgin,0,0,0,0.649394509,0.738897978,12,Virgin female
146,1,0,0,0,0.627856075,13,Inoculated,female,Virgin,0,0,0,0.584176912,0.673167457,13,Virgin female
147,1,0,0,0,0.554176818,14,Inoculated,female,Virgin,0,0,0,0.509120673,0.601567677,14,Virgin female
148,1,0,0,0,0.494716684,15,Inoculated,female,Virgin,0,0,0,0.449876369,0.539803517,15,Virgin female
149,1,0,0,0,0.433930785,16,Inoculated,female,Virgin,0,0,0,0.388015319,0.481608471,16,Virgin female
150,1,0,0,0,0.374040113,17,Inoculated,female,Virgin,0,0,0,0.329154267,0.420964521,17,Virgin female
151,1,0,0,0,0.321240795,18,Inoculated,female,Virgin,0,0,0,0.277761922,0.369146282,18,Virgin female
152,1,0,0,0,0.289619329,19,Inoculated,female,Virgin,0,0,0,0.248454489,0.33594211,19,Virgin female
153,1,0,0,0,0.25781312,20,Inoculated,female,Virgin,0,0,0,0.217353089,0.304376724,20,Virgin female
154,1,0,0,0,0.223701005,21,Inoculated,female,Virgin,0,0,0,0.185349866,0.267598103,21,Virgin female
155,1,0,0,1,1,0,Inoculated,male,Virgin,1,0,0,NA,NA,0,Virgin male
156,1,0,0,1,0.997382643,1,Inoculated,male,Virgin,1,0,0,0.994674705,0.999182661,1,Virgin male
157,1,0,0,1,0.992143976,2,Inoculated,male,Virgin,1,0,0,0.986129368,0.996402676,2,Virgin male
158,1,0,0,1,0.98951907,3,Inoculated,male,Virgin,1,0,0,0.982923603,0.994653785,3,Virgin male
159,1,0,0,1,0.983274197,4,Inoculated,male,Virgin,1,0,0,0.973623609,0.991038106,4,Virgin male
160,1,0,0,1,0.975690756,5,Inoculated,male,Virgin,1,0,0,0.962785004,0.986082375,5,Virgin male
161,1,0,0,1,0.961369158,6,Inoculated,male,Virgin,1,0,0,0.942442749,0.977344718,6,Virgin male
162,1,0,0,1,0.927611353,7,Inoculated,male,Virgin,1,0,0,0.907808231,0.945392373,7,Virgin male
163,1,0,0,1,0.874771114,8,Inoculated,male,Virgin,1,0,0,0.850934786,0.898432797,8,Virgin male
164,1,0,0,1,0.824253569,9,Inoculated,male,Virgin,1,0,0,0.794270819,0.853142738,9,Virgin male
165,1,0,0,1,0.752862317,10,Inoculated,male,Virgin,1,0,0,0.715052122,0.788270874,10,Virgin male
166,1,0,0,1,0.683069006,11,Inoculated,male,Virgin,1,0,0,0.637819718,0.727240843,11,Virgin male
167,1,0,0,1,0.614748222,12,Inoculated,male,Virgin,1,0,0,0.564568378,0.663927802,12,Virgin male
168,1,0,0,1,0.537647322,13,Inoculated,male,Virgin,1,0,0,0.489583796,0.589087381,13,Virgin male
169,1,0,0,1,0.455218405,14,Inoculated,male,Virgin,1,0,0,0.407728508,0.509267469,14,Virgin male
170,1,0,0,1,0.391292611,15,Inoculated,male,Virgin,1,0,0,0.344320683,0.441899238,15,Virgin male
171,1,0,0,1,0.328542639,16,Inoculated,male,Virgin,1,0,0,0.283472716,0.378592282,16,Virgin male
172,1,0,0,1,0.269522009,17,Inoculated,male,Virgin,1,0,0,0.22521635,0.31748675,17,Virgin male
173,1,0,0,1,0.220030689,18,Inoculated,male,Virgin,1,0,0,0.176376728,0.263869544,18,Virgin male
174,1,0,0,1,0.191638571,19,Inoculated,male,Virgin,1,0,0,0.150175513,0.233693961,19,Virgin male
175,1,0,0,1,0.164105785,20,Inoculated,male,Virgin,1,0,0,0.126187577,0.203792959,20,Virgin male
176,1,0,0,1,0.135814584,21,Inoculated,male,Virgin,1,0,0,0.1006961,0.173128173,21,Virgin male
177,1,1,0,0,1,0,Inoculated,female,Mated,0,0,1,NA,NA,0,Mated female
178,1,1,0,0,0.994676808,1,Inoculated,female,Mated,0,0,1,0.990143184,0.998178887,1,Mated female
179,1,1,0,0,0.984065818,2,Inoculated,female,Mated,0,0,1,0.975624582,0.990704514,2,Mated female
180,1,1,0,0,0.978770817,3,Inoculated,female,Mated,0,0,1,0.969211836,0.986603618,3,Mated female
181,1,1,0,0,0.966232003,4,Inoculated,female,Mated,0,0,1,0.952425394,0.977736595,4,Mated female
182,1,1,0,0,0.951116154,5,Inoculated,female,Mated,0,0,1,0.934295725,0.965718117,5,Mated female
183,1,1,0,0,0.922900146,6,Inoculated,female,Mated,0,0,1,0.898292928,0.945855586,6,Mated female
184,1,1,0,0,0.859595325,7,Inoculated,female,Mated,0,0,1,0.832522659,0.887659598,7,Mated female
185,1,1,0,0,0.764994999,8,Inoculated,female,Mated,0,0,1,0.729694995,0.800212823,8,Mated female
186,1,1,0,0,0.679678559,9,Inoculated,female,Mated,0,0,1,0.637176017,0.720918198,9,Mated female
187,1,1,0,0,0.567660216,10,Inoculated,female,Mated,0,0,1,0.520241374,0.616528851,10,Mated female
188,1,1,0,0,0.467839677,11,Inoculated,female,Mated,0,0,1,0.418140066,0.519700655,11,Mated female
189,1,1,0,0,0.379415875,12,Inoculated,female,Mated,0,0,1,0.327933302,0.432846961,12,Mated female
190,1,1,0,0,0.310670065,13,Inoculated,female,Mated,0,0,1,0.262254903,0.359732227,13,Mated female
191,1,1,0,0,0.242372574,14,Inoculated,female,Mated,0,0,1,0.198104945,0.291907839,14,Mated female
192,1,1,0,0,0.193398143,15,Inoculated,female,Mated,0,0,1,0.150383284,0.239069265,15,Mated female
193,1,1,0,0,0.149010956,16,Inoculated,female,Mated,0,0,1,0.109940794,0.18952019,16,Mated female
194,1,1,0,0,0.110901271,17,Inoculated,female,Mated,0,0,1,0.077548339,0.148058314,17,Mated female
195,1,1,0,0,0.081941178,18,Inoculated,female,Mated,0,0,1,0.05499846,0.113557561,18,Mated female
196,1,1,0,0,0.066680717,19,Inoculated,female,Mated,0,0,1,0.042852262,0.096292857,19,Mated female
197,1,1,0,0,0.052908009,20,Inoculated,female,Mated,0,0,1,0.03220029,0.079169419,20,Mated female
198,1,1,0,0,0.039896797,21,Inoculated,female,Mated,0,0,1,0.022795178,0.063448662,21,Mated female
199,1,1,0,1,1,0,Inoculated,male,Mated,1,1,1,NA,NA,0,Mated male
200,1,1,0,1,0.996080921,1,Inoculated,male,Mated,1,1,1,0.992724652,0.998660024,1,Mated male
201,1,1,0,1,0.988252234,2,Inoculated,male,Mated,1,1,1,0.981840589,0.993153046,2,Mated male
202,1,1,0,1,0.984337296,3,Inoculated,male,Mated,1,1,1,0.977282776,0.989847129,3,Mated male
203,1,1,0,1,0.975044127,4,Inoculated,male,Mated,1,1,1,0.964647441,0.98352198,4,Mated male
204,1,1,0,1,0.96379849,5,Inoculated,male,Mated,1,1,1,0.949857271,0.975193926,5,Mated male
205,1,1,0,1,0.942679415,6,Inoculated,male,Mated,1,1,1,0.921553096,0.960811405,6,Mated male
206,1,1,0,1,0.894663178,7,Inoculated,male,Mated,1,1,1,0.869211147,0.917672385,7,Mated male
207,1,1,0,1,0.821119996,8,Inoculated,male,Mated,1,1,1,0.787802347,0.852930135,8,Mated male
208,1,1,0,1,0.752704121,9,Inoculated,male,Mated,1,1,1,0.710362324,0.790179344,9,Mated male
209,1,1,0,1,0.659296489,10,Inoculated,male,Mated,1,1,1,0.61131525,0.704571335,10,Mated male
210,1,1,0,1,0.571857159,11,Inoculated,male,Mated,1,1,1,0.513832187,0.622344271,11,Mated male
211,1,1,0,1,0.490175557,12,Inoculated,male,Mated,1,1,1,0.430199749,0.545564879,12,Mated male
212,1,1,0,1,0.423136322,13,Inoculated,male,Mated,1,1,1,0.363450405,0.476857888,13,Mated male
213,1,1,0,1,0.352500062,14,Inoculated,male,Mated,1,1,1,0.295142178,0.405323482,14,Mated male
214,1,1,0,1,0.298563573,15,Inoculated,male,Mated,1,1,1,0.244716201,0.349737151,15,Mated male
215,1,1,0,1,0.246450395,16,Inoculated,male,Mated,1,1,1,0.195645389,0.295269375,16,Mated male
216,1,1,0,1,0.198313183,17,Inoculated,male,Mated,1,1,1,0.154519899,0.244396734,17,Mated male
217,1,1,0,1,0.158728248,18,Inoculated,male,Mated,1,1,1,0.118539937,0.202754068,18,Mated male
218,1,1,0,1,0.136397646,19,Inoculated,male,Mated,1,1,1,0.09881252,0.176384404,19,Mated male
219,1,1,0,1,0.115049233,20,Inoculated,male,Mated,1,1,1,0.080837,0.151311515,20,Mated male
220,1,1,0,1,0.09347556,21,Inoculated,male,Mated,1,1,1,0.061501586,0.127023205,21,Mated male
221,1,0,1,1,1,0,Inoculated,male,Cohabiting,1,0,0,NA,NA,0,Cohabit male
222,1,0,1,1,0.992715426,1,Inoculated,male,Cohabiting,1,0,0,0.987340692,0.997261218,1,Cohabit male
223,1,0,1,1,0.978237729,2,Inoculated,male,Cohabiting,1,0,0,0.968267432,0.986441977,2,Cohabit male
224,1,0,1,1,0.971034724,3,Inoculated,male,Cohabiting,1,0,0,0.958912144,0.980908491,3,Cohabit male
225,1,0,1,1,0.954035165,4,Inoculated,male,Cohabiting,1,0,0,0.939929879,0.968125844,4,Cohabit male
226,1,0,1,1,0.933650036,5,Inoculated,male,Cohabiting,1,0,0,0.91279919,0.952253694,5,Cohabit male
227,1,0,1,1,0.895918682,6,Inoculated,male,Cohabiting,1,0,0,0.864954778,0.923359755,6,Cohabit male
228,1,0,1,1,0.760234748,7,Inoculated,male,Cohabiting,1,0,0,0.721191795,0.797430395,7,Cohabit male
229,1,0,1,1,0.580665639,8,Inoculated,male,Cohabiting,1,0,0,0.535329435,0.625733764,8,Cohabit male
230,1,0,1,1,0.441816115,9,Inoculated,male,Cohabiting,1,0,0,0.392009973,0.492492342,9,Cohabit male
231,1,0,1,1,0.29139473,10,Inoculated,male,Cohabiting,1,0,0,0.245039927,0.341304999,10,Cohabit male
232,1,0,1,1,0.186368481,11,Inoculated,male,Cohabiting,1,0,0,0.145559133,0.232084038,11,Cohabit male
233,1,0,1,1,0.114844073,12,Inoculated,male,Cohabiting,1,0,0,0.082482532,0.149110924,12,Cohabit male
234,1,0,1,1,0.084447656,13,Inoculated,male,Cohabiting,1,0,0,0.057958889,0.114627662,13,Cohabit male
235,1,0,1,1,0.057646027,14,Inoculated,male,Cohabiting,1,0,0,0.036006401,0.082467791,14,Cohabit male
236,1,0,1,1,0.040738016,15,Inoculated,male,Cohabiting,1,0,0,0.022317976,0.061239804,15,Cohabit male
237,1,0,1,1,0.027280269,16,Inoculated,male,Cohabiting,1,0,0,0.013081309,0.044074343,16,Cohabit male
238,1,0,1,1,0.017320269,17,Inoculated,male,Cohabiting,1,0,0,0.007028135,0.030361523,17,Cohabit male
239,1,0,1,1,0.010874565,18,Inoculated,male,Cohabiting,1,0,0,0.003515749,0.020949326,18,Cohabit male
240,1,0,1,1,0.007920638,19,Inoculated,male,Cohabiting,1,0,0,0.002283715,0.01629305,19,Cohabit male
241,1,0,1,1,0.005549146,20,Inoculated,male,Cohabiting,1,0,0,0.001375197,0.012753363,20,Cohabit male
242,1,0,1,1,0.003594976,21,Inoculated,male,Cohabiting,1,0,0,0.000758175,0.009074869,21,Cohabit male
243,1,0,1,0,1,0,Inoculated,female,Cohabiting,0,0,0,NA,NA,0,Cohabit female
244,1,0,1,0,0.994531228,1,Inoculated,female,Cohabiting,0,0,0,0.990265106,0.997945485,1,Cohabit female
245,1,0,1,0,0.983632445,2,Inoculated,female,Cohabiting,0,0,0,0.976302881,0.990338462,2,Cohabit female
246,1,0,1,0,0.978195035,3,Inoculated,female,Cohabiting,0,0,0,0.968915824,0.986081089,3,Cohabit female
247,1,0,1,0,0.965322214,4,Inoculated,female,Cohabiting,0,0,0,0.954139757,0.976032033,4,Cohabit female
248,1,0,1,0,0.949809806,5,Inoculated,female,Cohabiting,0,0,0,0.933760468,0.964474573,5,Cohabit female
249,1,0,1,0,0.920871727,6,Inoculated,female,Cohabiting,0,0,0,0.895922811,0.943879592,6,Cohabit female
250,1,0,1,0,0.814151145,7,Inoculated,female,Cohabiting,0,0,0,0.783347032,0.847681513,7,Cohabit female
251,1,0,1,0,0.66517083,8,Inoculated,female,Cohabiting,0,0,0,0.625250804,0.706126368,8,Cohabit female
252,1,0,1,0,0.541893614,9,Inoculated,female,Cohabiting,0,0,0,0.497398922,0.592122356,9,Cohabit female
253,1,0,1,0,0.396584201,10,Inoculated,female,Cohabiting,0,0,0,0.350800678,0.449503797,10,Cohabit female
254,1,0,1,0,0.283624742,11,Inoculated,female,Cohabiting,0,0,0,0.241654619,0.333547401,11,Cohabit female
255,1,0,1,0,0.197258648,12,Inoculated,female,Cohabiting,0,0,0,0.159196685,0.242549,12,Cohabit female
256,1,0,1,0,0.156635019,13,Inoculated,female,Cohabiting,0,0,0,0.123751988,0.193127106,13,Cohabit female
257,1,0,1,0,0.117629754,14,Inoculated,female,Cohabiting,0,0,0,0.088232811,0.148897469,14,Cohabit female
258,1,0,1,0,0.090663563,15,Inoculated,female,Cohabiting,0,0,0,0.06450527,0.118833692,15,Cohabit female
259,1,0,1,0,0.067113664,16,Inoculated,female,Cohabiting,0,0,0,0.0435213,0.091347262,16,Cohabit female
260,1,0,1,0,0.047734338,17,Inoculated,female,Cohabiting,0,0,0,0.027323204,0.068347619,17,Cohabit female
261,1,0,1,0,0.033667751,18,Inoculated,female,Cohabiting,0,0,0,0.017313293,0.051500688,18,Cohabit female
262,1,0,1,0,0.026544139,19,Inoculated,female,Cohabiting,0,0,0,0.012621834,0.042636895,19,Cohabit female
263,1,0,1,0,0.020326411,20,Inoculated,female,Cohabiting,0,0,0,0.008934919,0.03444072,20,Cohabit female
264,1,0,1,0,0.014677563,21,Inoculated,female,Cohabiting,0,0,0,0.005599051,0.02693547,21,Cohabit female