"","Replicate","Population","Cage_Number","Diet","Treatment","Day","Sex","Death","Initial density"
"1","1","H3","1α","CY/CY","Control",1,"M",0,51
"2","1","H3","1α","CY/CY","Control",2,"M",0,51
"3","1","H3","1α","CY/CY","Control",3,"M",2,51
"4","1","H3","1α","CY/CY","Control",4,"M",0,51
"5","1","H3","1α","CY/CY","Control",5,"M",0,51
"6","1","H3","1α","CY/CY","Control",6,"M",0,51
"7","1","H3","1α","CY/CY","Control",7,"M",1,51
"8","1","H3","1α","CY/CY","Control",8,"M",1,51
"9","1","H3","1α","CY/CY","Control",9,"M",0,51
"10","1","H3","1α","CY/CY","Control",10,"M",0,51
"11","1","H3","1α","CY/CY","Control",11,"M",0,51
"12","1","H3","1α","CY/CY","Control",12,"M",0,51
"13","1","H3","1α","CY/CY","Control",1,"F",0,58
"14","1","H3","1α","CY/CY","Control",2,"F",0,58
"15","1","H3","1α","CY/CY","Control",3,"F",0,58
"16","1","H3","1α","CY/CY","Control",4,"F",0,58
"17","1","H3","1α","CY/CY","Control",5,"F",0,58
"18","1","H3","1α","CY/CY","Control",6,"F",0,58
"19","1","H3","1α","CY/CY","Control",7,"F",2,58
"20","1","H3","1α","CY/CY","Control",8,"F",1,58
"21","1","H3","1α","CY/CY","Control",9,"F",0,58
"22","1","H3","1α","CY/CY","Control",10,"F",1,58
"23","1","H3","1α","CY/CY","Control",11,"F",2,58
"24","1","H3","1α","CY/CY","Control",12,"F",0,58
"25","1","H3","1β","CY/CY","Control",1,"M",3,54
"26","1","H3","1β","CY/CY","Control",2,"M",0,54
"27","1","H3","1β","CY/CY","Control",3,"M",0,54
"28","1","H3","1β","CY/CY","Control",4,"M",0,54
"29","1","H3","1β","CY/CY","Control",5,"M",0,54
"30","1","H3","1β","CY/CY","Control",6,"M",0,54
"31","1","H3","1β","CY/CY","Control",7,"M",1,54
"32","1","H3","1β","CY/CY","Control",8,"M",0,54
"33","1","H3","1β","CY/CY","Control",9,"M",0,54
"34","1","H3","1β","CY/CY","Control",10,"M",0,54
"35","1","H3","1β","CY/CY","Control",11,"M",1,54
"36","1","H3","1β","CY/CY","Control",12,"M",0,54
"37","1","H3","1β","CY/CY","Control",1,"F",0,55
"38","1","H3","1β","CY/CY","Control",2,"F",1,55
"39","1","H3","1β","CY/CY","Control",3,"F",0,55
"40","1","H3","1β","CY/CY","Control",4,"F",0,55
"41","1","H3","1β","CY/CY","Control",5,"F",0,55
"42","1","H3","1β","CY/CY","Control",6,"F",0,55
"43","1","H3","1β","CY/CY","Control",7,"F",0,55
"44","1","H3","1β","CY/CY","Control",8,"F",0,55
"45","1","H3","1β","CY/CY","Control",9,"F",0,55
"46","1","H3","1β","CY/CY","Control",10,"F",0,55
"47","1","H3","1β","CY/CY","Control",11,"F",0,55
"48","1","H3","1β","CY/CY","Control",12,"F",0,55
"49","1","H3","2α","CY/C","Control",1,"M",1,78
"50","1","H3","2α","CY/C","Control",2,"M",1,78
"51","1","H3","2α","CY/C","Control",3,"M",0,78
"52","1","H3","2α","CY/C","Control",4,"M",0,78
"53","1","H3","2α","CY/C","Control",5,"M",1,78
"54","1","H3","2α","CY/C","Control",6,"M",0,78
"55","1","H3","2α","CY/C","Control",7,"M",1,78
"56","1","H3","2α","CY/C","Control",8,"M",1,78
"57","1","H3","2α","CY/C","Control",9,"M",0,78
"58","1","H3","2α","CY/C","Control",10,"M",0,78
"59","1","H3","2α","CY/C","Control",11,"M",1,78
"60","1","H3","2α","CY/C","Control",12,"M",1,78
"61","1","H3","2α","CY/C","Control",1,"F",1,68
"62","1","H3","2α","CY/C","Control",2,"F",0,68
"63","1","H3","2α","CY/C","Control",3,"F",0,68
"64","1","H3","2α","CY/C","Control",4,"F",1,68
"65","1","H3","2α","CY/C","Control",5,"F",1,68
"66","1","H3","2α","CY/C","Control",6,"F",1,68
"67","1","H3","2α","CY/C","Control",7,"F",0,68
"68","1","H3","2α","CY/C","Control",8,"F",0,68
"69","1","H3","2α","CY/C","Control",9,"F",1,68
"70","1","H3","2α","CY/C","Control",10,"F",1,68
"71","1","H3","2α","CY/C","Control",11,"F",1,68
"72","1","H3","2α","CY/C","Control",12,"F",0,68
"73","1","H3","2β","CY/C","Control",1,"M",0,75
"74","1","H3","2β","CY/C","Control",2,"M",0,75
"75","1","H3","2β","CY/C","Control",3,"M",0,75
"76","1","H3","2β","CY/C","Control",4,"M",0,75
"77","1","H3","2β","CY/C","Control",5,"M",0,75
"78","1","H3","2β","CY/C","Control",6,"M",1,75
"79","1","H3","2β","CY/C","Control",7,"M",0,75
"80","1","H3","2β","CY/C","Control",8,"M",0,75
"81","1","H3","2β","CY/C","Control",9,"M",0,75
"82","1","H3","2β","CY/C","Control",10,"M",0,75
"83","1","H3","2β","CY/C","Control",11,"M",1,75
"84","1","H3","2β","CY/C","Control",12,"M",0,75
"85","1","H3","2β","CY/C","Control",1,"F",0,79
"86","1","H3","2β","CY/C","Control",2,"F",2,79
"87","1","H3","2β","CY/C","Control",3,"F",0,79
"88","1","H3","2β","CY/C","Control",4,"F",1,79
"89","1","H3","2β","CY/C","Control",5,"F",0,79
"90","1","H3","2β","CY/C","Control",6,"F",0,79
"91","1","H3","2β","CY/C","Control",7,"F",0,79
"92","1","H3","2β","CY/C","Control",8,"F",0,79
"93","1","H3","2β","CY/C","Control",9,"F",0,79
"94","1","H3","2β","CY/C","Control",10,"F",1,79
"95","1","H3","2β","CY/C","Control",11,"F",0,79
"96","1","H3","2β","CY/C","Control",12,"F",0,79
"97","1","H3","3α","C/CY","Control",1,"M",1,70
"98","1","H3","3α","C/CY","Control",2,"M",1,70
"99","1","H3","3α","C/CY","Control",3,"M",0,70
"100","1","H3","3α","C/CY","Control",4,"M",0,70
"101","1","H3","3α","C/CY","Control",5,"M",0,70
"102","1","H3","3α","C/CY","Control",6,"M",0,70
"103","1","H3","3α","C/CY","Control",7,"M",0,70
"104","1","H3","3α","C/CY","Control",8,"M",0,70
"105","1","H3","3α","C/CY","Control",9,"M",0,70
"106","1","H3","3α","C/CY","Control",10,"M",0,70
"107","1","H3","3α","C/CY","Control",11,"M",0,70
"108","1","H3","3α","C/CY","Control",12,"M",1,70
"109","1","H3","3α","C/CY","Control",1,"F",0,71
"110","1","H3","3α","C/CY","Control",2,"F",0,71
"111","1","H3","3α","C/CY","Control",3,"F",0,71
"112","1","H3","3α","C/CY","Control",4,"F",0,71
"113","1","H3","3α","C/CY","Control",5,"F",0,71
"114","1","H3","3α","C/CY","Control",6,"F",0,71
"115","1","H3","3α","C/CY","Control",7,"F",0,71
"116","1","H3","3α","C/CY","Control",8,"F",1,71
"117","1","H3","3α","C/CY","Control",9,"F",0,71
"118","1","H3","3α","C/CY","Control",10,"F",0,71
"119","1","H3","3α","C/CY","Control",11,"F",0,71
"120","1","H3","3α","C/CY","Control",12,"F",0,71
"121","1","H3","3β","C/CY","Control",1,"M",0,69
"122","1","H3","3β","C/CY","Control",2,"M",0,69
"123","1","H3","3β","C/CY","Control",3,"M",0,69
"124","1","H3","3β","C/CY","Control",4,"M",1,69
"125","1","H3","3β","C/CY","Control",5,"M",0,69
"126","1","H3","3β","C/CY","Control",6,"M",1,69
"127","1","H3","3β","C/CY","Control",7,"M",0,69
"128","1","H3","3β","C/CY","Control",8,"M",0,69
"129","1","H3","3β","C/CY","Control",9,"M",1,69
"130","1","H3","3β","C/CY","Control",10,"M",0,69
"131","1","H3","3β","C/CY","Control",11,"M",0,69
"132","1","H3","3β","C/CY","Control",12,"M",0,69
"133","1","H3","3β","C/CY","Control",1,"F",0,63
"134","1","H3","3β","C/CY","Control",2,"F",0,63
"135","1","H3","3β","C/CY","Control",3,"F",0,63
"136","1","H3","3β","C/CY","Control",4,"F",1,63
"137","1","H3","3β","C/CY","Control",5,"F",1,63
"138","1","H3","3β","C/CY","Control",6,"F",0,63
"139","1","H3","3β","C/CY","Control",7,"F",0,63
"140","1","H3","3β","C/CY","Control",8,"F",0,63
"141","1","H3","3β","C/CY","Control",9,"F",0,63
"142","1","H3","3β","C/CY","Control",10,"F",0,63
"143","1","H3","3β","C/CY","Control",11,"F",0,63
"144","1","H3","3β","C/CY","Control",12,"F",1,63
"145","1","H3","4α","C/C","Control",1,"M",0,64
"146","1","H3","4α","C/C","Control",2,"M",0,64
"147","1","H3","4α","C/C","Control",3,"M",0,64
"148","1","H3","4α","C/C","Control",4,"M",0,64
"149","1","H3","4α","C/C","Control",5,"M",0,64
"150","1","H3","4α","C/C","Control",6,"M",0,64
"151","1","H3","4α","C/C","Control",7,"M",0,64
"152","1","H3","4α","C/C","Control",8,"M",1,64
"153","1","H3","4α","C/C","Control",9,"M",0,64
"154","1","H3","4α","C/C","Control",10,"M",0,64
"155","1","H3","4α","C/C","Control",11,"M",1,64
"156","1","H3","4α","C/C","Control",12,"M",0,64
"157","1","H3","4α","C/C","Control",1,"F",2,69
"158","1","H3","4α","C/C","Control",2,"F",0,69
"159","1","H3","4α","C/C","Control",3,"F",0,69
"160","1","H3","4α","C/C","Control",4,"F",0,69
"161","1","H3","4α","C/C","Control",5,"F",0,69
"162","1","H3","4α","C/C","Control",6,"F",0,69
"163","1","H3","4α","C/C","Control",7,"F",0,69
"164","1","H3","4α","C/C","Control",8,"F",1,69
"165","1","H3","4α","C/C","Control",9,"F",0,69
"166","1","H3","4α","C/C","Control",10,"F",1,69
"167","1","H3","4α","C/C","Control",11,"F",0,69
"168","1","H3","4α","C/C","Control",12,"F",0,69
"169","1","H3","4β","C/C","Control",1,"M",0,60
"170","1","H3","4β","C/C","Control",2,"M",0,60
"171","1","H3","4β","C/C","Control",3,"M",0,60
"172","1","H3","4β","C/C","Control",4,"M",0,60
"173","1","H3","4β","C/C","Control",5,"M",1,60
"174","1","H3","4β","C/C","Control",6,"M",1,60
"175","1","H3","4β","C/C","Control",7,"M",0,60
"176","1","H3","4β","C/C","Control",8,"M",0,60
"177","1","H3","4β","C/C","Control",9,"M",1,60
"178","1","H3","4β","C/C","Control",10,"M",0,60
"179","1","H3","4β","C/C","Control",11,"M",0,60
"180","1","H3","4β","C/C","Control",12,"M",0,60
"181","1","H3","4β","C/C","Control",1,"F",0,55
"182","1","H3","4β","C/C","Control",2,"F",0,55
"183","1","H3","4β","C/C","Control",3,"F",0,55
"184","1","H3","4β","C/C","Control",4,"F",0,55
"185","1","H3","4β","C/C","Control",5,"F",0,55
"186","1","H3","4β","C/C","Control",6,"F",0,55
"187","1","H3","4β","C/C","Control",7,"F",0,55
"188","1","H3","4β","C/C","Control",8,"F",0,55
"189","1","H3","4β","C/C","Control",9,"F",0,55
"190","1","H3","4β","C/C","Control",10,"F",0,55
"191","1","H3","4β","C/C","Control",11,"F",0,55
"192","1","H3","4β","C/C","Control",12,"F",0,55
"193","1","H3","5α","G/G","Control",1,"M",0,71
"194","1","H3","5α","G/G","Control",2,"M",0,71
"195","1","H3","5α","G/G","Control",3,"M",0,71
"196","1","H3","5α","G/G","Control",4,"M",1,71
"197","1","H3","5α","G/G","Control",5,"M",0,71
"198","1","H3","5α","G/G","Control",6,"M",0,71
"199","1","H3","5α","G/G","Control",7,"M",2,71
"200","1","H3","5α","G/G","Control",8,"M",2,71
"201","1","H3","5α","G/G","Control",9,"M",0,71
"202","1","H3","5α","G/G","Control",10,"M",0,71
"203","1","H3","5α","G/G","Control",11,"M",0,71
"204","1","H3","5α","G/G","Control",12,"M",0,71
"205","1","H3","5α","G/G","Control",1,"F",0,69
"206","1","H3","5α","G/G","Control",2,"F",0,69
"207","1","H3","5α","G/G","Control",3,"F",0,69
"208","1","H3","5α","G/G","Control",4,"F",1,69
"209","1","H3","5α","G/G","Control",5,"F",0,69
"210","1","H3","5α","G/G","Control",6,"F",0,69
"211","1","H3","5α","G/G","Control",7,"F",0,69
"212","1","H3","5α","G/G","Control",8,"F",0,69
"213","1","H3","5α","G/G","Control",9,"F",0,69
"214","1","H3","5α","G/G","Control",10,"F",0,69
"215","1","H3","5α","G/G","Control",11,"F",0,69
"216","1","H3","5α","G/G","Control",12,"F",0,69
"217","1","H3","5β","G/G","Control",1,"M",0,74
"218","1","H3","5β","G/G","Control",2,"M",0,74
"219","1","H3","5β","G/G","Control",3,"M",1,74
"220","1","H3","5β","G/G","Control",4,"M",0,74
"221","1","H3","5β","G/G","Control",5,"M",0,74
"222","1","H3","5β","G/G","Control",6,"M",0,74
"223","1","H3","5β","G/G","Control",7,"M",0,74
"224","1","H3","5β","G/G","Control",8,"M",0,74
"225","1","H3","5β","G/G","Control",9,"M",0,74
"226","1","H3","5β","G/G","Control",10,"M",0,74
"227","1","H3","5β","G/G","Control",11,"M",0,74
"228","1","H3","5β","G/G","Control",12,"M",0,74
"229","1","H3","5β","G/G","Control",1,"F",1,61
"230","1","H3","5β","G/G","Control",2,"F",0,61
"231","1","H3","5β","G/G","Control",3,"F",0,61
"232","1","H3","5β","G/G","Control",4,"F",0,61
"233","1","H3","5β","G/G","Control",5,"F",0,61
"234","1","H3","5β","G/G","Control",6,"F",0,61
"235","1","H3","5β","G/G","Control",7,"F",0,61
"236","1","H3","5β","G/G","Control",8,"F",0,61
"237","1","H3","5β","G/G","Control",9,"F",0,61
"238","1","H3","5β","G/G","Control",10,"F",0,61
"239","1","H3","5β","G/G","Control",11,"F",0,61
"240","1","H3","5β","G/G","Control",12,"F",1,61
"241","1","H3","6α","CY/CY","Fungal",1,"M",1,77
"242","1","H3","6α","CY/CY","Fungal",2,"M",1,77
"243","1","H3","6α","CY/CY","Fungal",3,"M",0,77
"244","1","H3","6α","CY/CY","Fungal",4,"M",0,77
"245","1","H3","6α","CY/CY","Fungal",5,"M",0,77
"246","1","H3","6α","CY/CY","Fungal",6,"M",0,77
"247","1","H3","6α","CY/CY","Fungal",7,"M",1,77
"248","1","H3","6α","CY/CY","Fungal",8,"M",0,77
"249","1","H3","6α","CY/CY","Fungal",9,"M",5,77
"250","1","H3","6α","CY/CY","Fungal",10,"M",0,77
"251","1","H3","6α","CY/CY","Fungal",11,"M",5,77
"252","1","H3","6α","CY/CY","Fungal",12,"M",7,77
"253","1","H3","6α","CY/CY","Fungal",1,"F",1,69
"254","1","H3","6α","CY/CY","Fungal",2,"F",0,69
"255","1","H3","6α","CY/CY","Fungal",3,"F",0,69
"256","1","H3","6α","CY/CY","Fungal",4,"F",0,69
"257","1","H3","6α","CY/CY","Fungal",5,"F",0,69
"258","1","H3","6α","CY/CY","Fungal",6,"F",0,69
"259","1","H3","6α","CY/CY","Fungal",7,"F",0,69
"260","1","H3","6α","CY/CY","Fungal",8,"F",1,69
"261","1","H3","6α","CY/CY","Fungal",9,"F",3,69
"262","1","H3","6α","CY/CY","Fungal",10,"F",0,69
"263","1","H3","6α","CY/CY","Fungal",11,"F",3,69
"264","1","H3","6α","CY/CY","Fungal",12,"F",8,69
"265","1","H3","6β","CY/CY","Fungal",1,"M",3,64
"266","1","H3","6β","CY/CY","Fungal",2,"M",0,64
"267","1","H3","6β","CY/CY","Fungal",3,"M",0,64
"268","1","H3","6β","CY/CY","Fungal",4,"M",0,64
"269","1","H3","6β","CY/CY","Fungal",5,"M",1,64
"270","1","H3","6β","CY/CY","Fungal",6,"M",0,64
"271","1","H3","6β","CY/CY","Fungal",7,"M",1,64
"272","1","H3","6β","CY/CY","Fungal",8,"M",3,64
"273","1","H3","6β","CY/CY","Fungal",9,"M",1,64
"274","1","H3","6β","CY/CY","Fungal",10,"M",4,64
"275","1","H3","6β","CY/CY","Fungal",11,"M",3,64
"276","1","H3","6β","CY/CY","Fungal",12,"M",5,64
"277","1","H3","6β","CY/CY","Fungal",1,"F",0,67
"278","1","H3","6β","CY/CY","Fungal",2,"F",0,67
"279","1","H3","6β","CY/CY","Fungal",3,"F",0,67
"280","1","H3","6β","CY/CY","Fungal",4,"F",0,67
"281","1","H3","6β","CY/CY","Fungal",5,"F",1,67
"282","1","H3","6β","CY/CY","Fungal",6,"F",1,67
"283","1","H3","6β","CY/CY","Fungal",7,"F",1,67
"284","1","H3","6β","CY/CY","Fungal",8,"F",2,67
"285","1","H3","6β","CY/CY","Fungal",9,"F",4,67
"286","1","H3","6β","CY/CY","Fungal",10,"F",4,67
"287","1","H3","6β","CY/CY","Fungal",11,"F",2,67
"288","1","H3","6β","CY/CY","Fungal",12,"F",6,67
"289","1","H3","7α","CY/C","Fungal",1,"M",0,62
"290","1","H3","7α","CY/C","Fungal",2,"M",1,62
"291","1","H3","7α","CY/C","Fungal",3,"M",0,62
"292","1","H3","7α","CY/C","Fungal",4,"M",0,62
"293","1","H3","7α","CY/C","Fungal",5,"M",0,62
"294","1","H3","7α","CY/C","Fungal",6,"M",1,62
"295","1","H3","7α","CY/C","Fungal",7,"M",2,62
"296","1","H3","7α","CY/C","Fungal",8,"M",8,62
"297","1","H3","7α","CY/C","Fungal",9,"M",11,62
"298","1","H3","7α","CY/C","Fungal",10,"M",8,62
"299","1","H3","7α","CY/C","Fungal",11,"M",8,62
"300","1","H3","7α","CY/C","Fungal",12,"M",6,62
"301","1","H3","7α","CY/C","Fungal",1,"F",1,76
"302","1","H3","7α","CY/C","Fungal",2,"F",0,76
"303","1","H3","7α","CY/C","Fungal",3,"F",0,76
"304","1","H3","7α","CY/C","Fungal",4,"F",0,76
"305","1","H3","7α","CY/C","Fungal",5,"F",2,76
"306","1","H3","7α","CY/C","Fungal",6,"F",3,76
"307","1","H3","7α","CY/C","Fungal",7,"F",3,76
"308","1","H3","7α","CY/C","Fungal",8,"F",5,76
"309","1","H3","7α","CY/C","Fungal",9,"F",8,76
"310","1","H3","7α","CY/C","Fungal",10,"F",9,76
"311","1","H3","7α","CY/C","Fungal",11,"F",12,76
"312","1","H3","7α","CY/C","Fungal",12,"F",4,76
"313","1","H3","7β","CY/C","Fungal",1,"M",0,62
"314","1","H3","7β","CY/C","Fungal",2,"M",0,62
"315","1","H3","7β","CY/C","Fungal",3,"M",1,62
"316","1","H3","7β","CY/C","Fungal",4,"M",0,62
"317","1","H3","7β","CY/C","Fungal",5,"M",0,62
"318","1","H3","7β","CY/C","Fungal",6,"M",1,62
"319","1","H3","7β","CY/C","Fungal",7,"M",4,62
"320","1","H3","7β","CY/C","Fungal",8,"M",3,62
"321","1","H3","7β","CY/C","Fungal",9,"M",2,62
"322","1","H3","7β","CY/C","Fungal",10,"M",15,62
"323","1","H3","7β","CY/C","Fungal",11,"M",3,62
"324","1","H3","7β","CY/C","Fungal",12,"M",8,62
"325","1","H3","7β","CY/C","Fungal",1,"F",1,67
"326","1","H3","7β","CY/C","Fungal",2,"F",0,67
"327","1","H3","7β","CY/C","Fungal",3,"F",0,67
"328","1","H3","7β","CY/C","Fungal",4,"F",0,67
"329","1","H3","7β","CY/C","Fungal",5,"F",2,67
"330","1","H3","7β","CY/C","Fungal",6,"F",3,67
"331","1","H3","7β","CY/C","Fungal",7,"F",4,67
"332","1","H3","7β","CY/C","Fungal",8,"F",5,67
"333","1","H3","7β","CY/C","Fungal",9,"F",4,67
"334","1","H3","7β","CY/C","Fungal",10,"F",7,67
"335","1","H3","7β","CY/C","Fungal",11,"F",8,67
"336","1","H3","7β","CY/C","Fungal",12,"F",9,67
"337","1","H3","8α","C/CY","Fungal",1,"M",1,65
"338","1","H3","8α","C/CY","Fungal",2,"M",1,65
"339","1","H3","8α","C/CY","Fungal",3,"M",0,65
"340","1","H3","8α","C/CY","Fungal",4,"M",0,65
"341","1","H3","8α","C/CY","Fungal",5,"M",0,65
"342","1","H3","8α","C/CY","Fungal",6,"M",1,65
"343","1","H3","8α","C/CY","Fungal",7,"M",0,65
"344","1","H3","8α","C/CY","Fungal",8,"M",1,65
"345","1","H3","8α","C/CY","Fungal",9,"M",2,65
"346","1","H3","8α","C/CY","Fungal",10,"M",3,65
"347","1","H3","8α","C/CY","Fungal",11,"M",6,65
"348","1","H3","8α","C/CY","Fungal",12,"M",3,65
"349","1","H3","8α","C/CY","Fungal",1,"F",0,70
"350","1","H3","8α","C/CY","Fungal",2,"F",0,70
"351","1","H3","8α","C/CY","Fungal",3,"F",0,70
"352","1","H3","8α","C/CY","Fungal",4,"F",1,70
"353","1","H3","8α","C/CY","Fungal",5,"F",0,70
"354","1","H3","8α","C/CY","Fungal",6,"F",1,70
"355","1","H3","8α","C/CY","Fungal",7,"F",0,70
"356","1","H3","8α","C/CY","Fungal",8,"F",3,70
"357","1","H3","8α","C/CY","Fungal",9,"F",3,70
"358","1","H3","8α","C/CY","Fungal",10,"F",1,70
"359","1","H3","8α","C/CY","Fungal",11,"F",7,70
"360","1","H3","8α","C/CY","Fungal",12,"F",5,70
"361","1","H3","8β","C/CY","Fungal",1,"M",0,64
"362","1","H3","8β","C/CY","Fungal",2,"M",0,64
"363","1","H3","8β","C/CY","Fungal",3,"M",0,64
"364","1","H3","8β","C/CY","Fungal",4,"M",0,64
"365","1","H3","8β","C/CY","Fungal",5,"M",0,64
"366","1","H3","8β","C/CY","Fungal",6,"M",0,64
"367","1","H3","8β","C/CY","Fungal",7,"M",1,64
"368","1","H3","8β","C/CY","Fungal",8,"M",4,64
"369","1","H3","8β","C/CY","Fungal",9,"M",2,64
"370","1","H3","8β","C/CY","Fungal",10,"M",5,64
"371","1","H3","8β","C/CY","Fungal",11,"M",3,64
"372","1","H3","8β","C/CY","Fungal",12,"M",3,64
"373","1","H3","8β","C/CY","Fungal",1,"F",0,71
"374","1","H3","8β","C/CY","Fungal",2,"F",0,71
"375","1","H3","8β","C/CY","Fungal",3,"F",0,71
"376","1","H3","8β","C/CY","Fungal",4,"F",0,71
"377","1","H3","8β","C/CY","Fungal",5,"F",0,71
"378","1","H3","8β","C/CY","Fungal",6,"F",4,71
"379","1","H3","8β","C/CY","Fungal",7,"F",5,71
"380","1","H3","8β","C/CY","Fungal",8,"F",2,71
"381","1","H3","8β","C/CY","Fungal",9,"F",2,71
"382","1","H3","8β","C/CY","Fungal",10,"F",6,71
"383","1","H3","8β","C/CY","Fungal",11,"F",7,71
"384","1","H3","8β","C/CY","Fungal",12,"F",6,71
"385","1","H3","9α","C/C","Fungal",1,"M",1,66
"386","1","H3","9α","C/C","Fungal",2,"M",0,66
"387","1","H3","9α","C/C","Fungal",3,"M",1,66
"388","1","H3","9α","C/C","Fungal",4,"M",0,66
"389","1","H3","9α","C/C","Fungal",5,"M",1,66
"390","1","H3","9α","C/C","Fungal",6,"M",2,66
"391","1","H3","9α","C/C","Fungal",7,"M",4,66
"392","1","H3","9α","C/C","Fungal",8,"M",8,66
"393","1","H3","9α","C/C","Fungal",9,"M",9,66
"394","1","H3","9α","C/C","Fungal",10,"M",8,66
"395","1","H3","9α","C/C","Fungal",11,"M",7,66
"396","1","H3","9α","C/C","Fungal",12,"M",9,66
"397","1","H3","9α","C/C","Fungal",1,"F",2,73
"398","1","H3","9α","C/C","Fungal",2,"F",0,73
"399","1","H3","9α","C/C","Fungal",3,"F",1,73
"400","1","H3","9α","C/C","Fungal",4,"F",0,73
"401","1","H3","9α","C/C","Fungal",5,"F",4,73
"402","1","H3","9α","C/C","Fungal",6,"F",6,73
"403","1","H3","9α","C/C","Fungal",7,"F",6,73
"404","1","H3","9α","C/C","Fungal",8,"F",15,73
"405","1","H3","9α","C/C","Fungal",9,"F",3,73
"406","1","H3","9α","C/C","Fungal",10,"F",12,73
"407","1","H3","9α","C/C","Fungal",11,"F",8,73
"408","1","H3","9α","C/C","Fungal",12,"F",5,73
"409","1","H3","9β","C/C","Fungal",1,"M",0,62
"410","1","H3","9β","C/C","Fungal",2,"M",1,62
"411","1","H3","9β","C/C","Fungal",3,"M",0,62
"412","1","H3","9β","C/C","Fungal",4,"M",0,62
"413","1","H3","9β","C/C","Fungal",5,"M",1,62
"414","1","H3","9β","C/C","Fungal",6,"M",0,62
"415","1","H3","9β","C/C","Fungal",7,"M",3,62
"416","1","H3","9β","C/C","Fungal",8,"M",4,62
"417","1","H3","9β","C/C","Fungal",9,"M",9,62
"418","1","H3","9β","C/C","Fungal",10,"M",14,62
"419","1","H3","9β","C/C","Fungal",11,"M",8,62
"420","1","H3","9β","C/C","Fungal",12,"M",9,62
"421","1","H3","9β","C/C","Fungal",1,"F",1,100
"422","1","H3","9β","C/C","Fungal",2,"F",0,100
"423","1","H3","9β","C/C","Fungal",3,"F",0,100
"424","1","H3","9β","C/C","Fungal",4,"F",0,100
"425","1","H3","9β","C/C","Fungal",5,"F",3,100
"426","1","H3","9β","C/C","Fungal",6,"F",9,100
"427","1","H3","9β","C/C","Fungal",7,"F",11,100
"428","1","H3","9β","C/C","Fungal",8,"F",11,100
"429","1","H3","9β","C/C","Fungal",9,"F",12,100
"430","1","H3","9β","C/C","Fungal",10,"F",11,100
"431","1","H3","9β","C/C","Fungal",11,"F",13,100
"432","1","H3","9β","C/C","Fungal",12,"F",13,100
"433","1","H3","10α","G/G","Fungal",1,"M",0,72
"434","1","H3","10α","G/G","Fungal",2,"M",0,72
"435","1","H3","10α","G/G","Fungal",3,"M",0,72
"436","1","H3","10α","G/G","Fungal",4,"M",2,72
"437","1","H3","10α","G/G","Fungal",5,"M",0,72
"438","1","H3","10α","G/G","Fungal",6,"M",0,72
"439","1","H3","10α","G/G","Fungal",7,"M",0,72
"440","1","H3","10α","G/G","Fungal",8,"M",0,72
"441","1","H3","10α","G/G","Fungal",9,"M",2,72
"442","1","H3","10α","G/G","Fungal",10,"M",0,72
"443","1","H3","10α","G/G","Fungal",11,"M",2,72
"444","1","H3","10α","G/G","Fungal",12,"M",0,72
"445","1","H3","10α","G/G","Fungal",1,"F",1,70
"446","1","H3","10α","G/G","Fungal",2,"F",1,70
"447","1","H3","10α","G/G","Fungal",3,"F",0,70
"448","1","H3","10α","G/G","Fungal",4,"F",1,70
"449","1","H3","10α","G/G","Fungal",5,"F",1,70
"450","1","H3","10α","G/G","Fungal",6,"F",1,70
"451","1","H3","10α","G/G","Fungal",7,"F",1,70
"452","1","H3","10α","G/G","Fungal",8,"F",1,70
"453","1","H3","10α","G/G","Fungal",9,"F",5,70
"454","1","H3","10α","G/G","Fungal",10,"F",4,70
"455","1","H3","10α","G/G","Fungal",11,"F",0,70
"456","1","H3","10α","G/G","Fungal",12,"F",4,70
"457","1","H3","10β","G/G","Fungal",1,"M",1,68
"458","1","H3","10β","G/G","Fungal",2,"M",0,68
"459","1","H3","10β","G/G","Fungal",3,"M",0,68
"460","1","H3","10β","G/G","Fungal",4,"M",0,68
"461","1","H3","10β","G/G","Fungal",5,"M",2,68
"462","1","H3","10β","G/G","Fungal",6,"M",0,68
"463","1","H3","10β","G/G","Fungal",7,"M",0,68
"464","1","H3","10β","G/G","Fungal",8,"M",0,68
"465","1","H3","10β","G/G","Fungal",9,"M",0,68
"466","1","H3","10β","G/G","Fungal",10,"M",1,68
"467","1","H3","10β","G/G","Fungal",11,"M",1,68
"468","1","H3","10β","G/G","Fungal",12,"M",1,68
"469","1","H3","10β","G/G","Fungal",1,"F",0,74
"470","1","H3","10β","G/G","Fungal",2,"F",0,74
"471","1","H3","10β","G/G","Fungal",3,"F",0,74
"472","1","H3","10β","G/G","Fungal",4,"F",0,74
"473","1","H3","10β","G/G","Fungal",5,"F",1,74
"474","1","H3","10β","G/G","Fungal",6,"F",1,74
"475","1","H3","10β","G/G","Fungal",7,"F",1,74
"476","1","H3","10β","G/G","Fungal",8,"F",3,74
"477","1","H3","10β","G/G","Fungal",9,"F",4,74
"478","1","H3","10β","G/G","Fungal",10,"F",0,74
"479","1","H3","10β","G/G","Fungal",11,"F",2,74
"480","1","H3","10β","G/G","Fungal",12,"F",1,74
"481","2","H3","1α","CY/CY","Control",1,"M",0,63
"482","2","H3","1α","CY/CY","Control",2,"M",1,63
"483","2","H3","1α","CY/CY","Control",3,"M",0,63
"484","2","H3","1α","CY/CY","Control",4,"M",1,63
"485","2","H3","1α","CY/CY","Control",5,"M",1,63
"486","2","H3","1α","CY/CY","Control",6,"M",0,63
"487","2","H3","1α","CY/CY","Control",7,"M",1,63
"488","2","H3","1α","CY/CY","Control",8,"M",0,63
"489","2","H3","1α","CY/CY","Control",9,"M",0,63
"490","2","H3","1α","CY/CY","Control",10,"M",1,63
"491","2","H3","1α","CY/CY","Control",11,"M",0,63
"492","2","H3","1α","CY/CY","Control",12,"M",0,63
"493","2","H3","1α","CY/CY","Control",1,"F",0,70
"494","2","H3","1α","CY/CY","Control",2,"F",0,70
"495","2","H3","1α","CY/CY","Control",3,"F",0,70
"496","2","H3","1α","CY/CY","Control",4,"F",0,70
"497","2","H3","1α","CY/CY","Control",5,"F",1,70
"498","2","H3","1α","CY/CY","Control",6,"F",0,70
"499","2","H3","1α","CY/CY","Control",7,"F",0,70
"500","2","H3","1α","CY/CY","Control",8,"F",0,70
"501","2","H3","1α","CY/CY","Control",9,"F",0,70
"502","2","H3","1α","CY/CY","Control",10,"F",0,70
"503","2","H3","1α","CY/CY","Control",11,"F",1,70
"504","2","H3","1α","CY/CY","Control",12,"F",0,70
"505","2","H3","1β","CY/CY","Control",1,"M",2,64
"506","2","H3","1β","CY/CY","Control",2,"M",0,64
"507","2","H3","1β","CY/CY","Control",3,"M",0,64
"508","2","H3","1β","CY/CY","Control",4,"M",1,64
"509","2","H3","1β","CY/CY","Control",5,"M",0,64
"510","2","H3","1β","CY/CY","Control",6,"M",0,64
"511","2","H3","1β","CY/CY","Control",7,"M",0,64
"512","2","H3","1β","CY/CY","Control",8,"M",0,64
"513","2","H3","1β","CY/CY","Control",9,"M",0,64
"514","2","H3","1β","CY/CY","Control",10,"M",1,64
"515","2","H3","1β","CY/CY","Control",11,"M",1,64
"516","2","H3","1β","CY/CY","Control",12,"M",0,64
"517","2","H3","1β","CY/CY","Control",1,"F",0,63
"518","2","H3","1β","CY/CY","Control",2,"F",0,63
"519","2","H3","1β","CY/CY","Control",3,"F",0,63
"520","2","H3","1β","CY/CY","Control",4,"F",0,63
"521","2","H3","1β","CY/CY","Control",5,"F",0,63
"522","2","H3","1β","CY/CY","Control",6,"F",1,63
"523","2","H3","1β","CY/CY","Control",7,"F",0,63
"524","2","H3","1β","CY/CY","Control",8,"F",0,63
"525","2","H3","1β","CY/CY","Control",9,"F",0,63
"526","2","H3","1β","CY/CY","Control",10,"F",0,63
"527","2","H3","1β","CY/CY","Control",11,"F",0,63
"528","2","H3","1β","CY/CY","Control",12,"F",0,63
"529","2","H3","2α","CY/C","Control",1,"M",0,64
"530","2","H3","2α","CY/C","Control",2,"M",0,64
"531","2","H3","2α","CY/C","Control",3,"M",0,64
"532","2","H3","2α","CY/C","Control",4,"M",0,64
"533","2","H3","2α","CY/C","Control",5,"M",1,64
"534","2","H3","2α","CY/C","Control",6,"M",0,64
"535","2","H3","2α","CY/C","Control",7,"M",1,64
"536","2","H3","2α","CY/C","Control",8,"M",0,64
"537","2","H3","2α","CY/C","Control",9,"M",0,64
"538","2","H3","2α","CY/C","Control",10,"M",0,64
"539","2","H3","2α","CY/C","Control",11,"M",1,64
"540","2","H3","2α","CY/C","Control",12,"M",0,64
"541","2","H3","2α","CY/C","Control",1,"F",0,69
"542","2","H3","2α","CY/C","Control",2,"F",0,69
"543","2","H3","2α","CY/C","Control",3,"F",0,69
"544","2","H3","2α","CY/C","Control",4,"F",0,69
"545","2","H3","2α","CY/C","Control",5,"F",0,69
"546","2","H3","2α","CY/C","Control",6,"F",0,69
"547","2","H3","2α","CY/C","Control",7,"F",0,69
"548","2","H3","2α","CY/C","Control",8,"F",0,69
"549","2","H3","2α","CY/C","Control",9,"F",0,69
"550","2","H3","2α","CY/C","Control",10,"F",0,69
"551","2","H3","2α","CY/C","Control",11,"F",0,69
"552","2","H3","2α","CY/C","Control",12,"F",0,69
"553","2","H3","2β","CY/C","Control",1,"M",0,68
"554","2","H3","2β","CY/C","Control",2,"M",0,68
"555","2","H3","2β","CY/C","Control",3,"M",0,68
"556","2","H3","2β","CY/C","Control",4,"M",0,68
"557","2","H3","2β","CY/C","Control",5,"M",0,68
"558","2","H3","2β","CY/C","Control",6,"M",0,68
"559","2","H3","2β","CY/C","Control",7,"M",0,68
"560","2","H3","2β","CY/C","Control",8,"M",0,68
"561","2","H3","2β","CY/C","Control",9,"M",1,68
"562","2","H3","2β","CY/C","Control",10,"M",0,68
"563","2","H3","2β","CY/C","Control",11,"M",0,68
"564","2","H3","2β","CY/C","Control",12,"M",0,68
"565","2","H3","2β","CY/C","Control",1,"F",0,70
"566","2","H3","2β","CY/C","Control",2,"F",0,70
"567","2","H3","2β","CY/C","Control",3,"F",0,70
"568","2","H3","2β","CY/C","Control",4,"F",1,70
"569","2","H3","2β","CY/C","Control",5,"F",0,70
"570","2","H3","2β","CY/C","Control",6,"F",0,70
"571","2","H3","2β","CY/C","Control",7,"F",0,70
"572","2","H3","2β","CY/C","Control",8,"F",0,70
"573","2","H3","2β","CY/C","Control",9,"F",0,70
"574","2","H3","2β","CY/C","Control",10,"F",0,70
"575","2","H3","2β","CY/C","Control",11,"F",0,70
"576","2","H3","2β","CY/C","Control",12,"F",0,70
"577","2","H3","3α","C/CY","Control",1,"M",0,60
"578","2","H3","3α","C/CY","Control",2,"M",0,60
"579","2","H3","3α","C/CY","Control",3,"M",0,60
"580","2","H3","3α","C/CY","Control",4,"M",0,60
"581","2","H3","3α","C/CY","Control",5,"M",0,60
"582","2","H3","3α","C/CY","Control",6,"M",0,60
"583","2","H3","3α","C/CY","Control",7,"M",0,60
"584","2","H3","3α","C/CY","Control",8,"M",0,60
"585","2","H3","3α","C/CY","Control",9,"M",0,60
"586","2","H3","3α","C/CY","Control",10,"M",0,60
"587","2","H3","3α","C/CY","Control",11,"M",0,60
"588","2","H3","3α","C/CY","Control",12,"M",0,60
"589","2","H3","3α","C/CY","Control",1,"F",0,64
"590","2","H3","3α","C/CY","Control",2,"F",0,64
"591","2","H3","3α","C/CY","Control",3,"F",0,64
"592","2","H3","3α","C/CY","Control",4,"F",0,64
"593","2","H3","3α","C/CY","Control",5,"F",0,64
"594","2","H3","3α","C/CY","Control",6,"F",0,64
"595","2","H3","3α","C/CY","Control",7,"F",0,64
"596","2","H3","3α","C/CY","Control",8,"F",0,64
"597","2","H3","3α","C/CY","Control",9,"F",1,64
"598","2","H3","3α","C/CY","Control",10,"F",1,64
"599","2","H3","3α","C/CY","Control",11,"F",0,64
"600","2","H3","3α","C/CY","Control",12,"F",0,64
"601","2","H3","3β","C/CY","Control",1,"M",0,83
"602","2","H3","3β","C/CY","Control",2,"M",0,83
"603","2","H3","3β","C/CY","Control",3,"M",0,83
"604","2","H3","3β","C/CY","Control",4,"M",0,83
"605","2","H3","3β","C/CY","Control",5,"M",0,83
"606","2","H3","3β","C/CY","Control",6,"M",0,83
"607","2","H3","3β","C/CY","Control",7,"M",0,83
"608","2","H3","3β","C/CY","Control",8,"M",0,83
"609","2","H3","3β","C/CY","Control",9,"M",0,83
"610","2","H3","3β","C/CY","Control",10,"M",0,83
"611","2","H3","3β","C/CY","Control",11,"M",0,83
"612","2","H3","3β","C/CY","Control",12,"M",0,83
"613","2","H3","3β","C/CY","Control",1,"F",0,96
"614","2","H3","3β","C/CY","Control",2,"F",0,96
"615","2","H3","3β","C/CY","Control",3,"F",1,96
"616","2","H3","3β","C/CY","Control",4,"F",0,96
"617","2","H3","3β","C/CY","Control",5,"F",2,96
"618","2","H3","3β","C/CY","Control",6,"F",1,96
"619","2","H3","3β","C/CY","Control",7,"F",0,96
"620","2","H3","3β","C/CY","Control",8,"F",0,96
"621","2","H3","3β","C/CY","Control",9,"F",0,96
"622","2","H3","3β","C/CY","Control",10,"F",1,96
"623","2","H3","3β","C/CY","Control",11,"F",0,96
"624","2","H3","3β","C/CY","Control",12,"F",1,96
"625","2","H3","4α","C/C","Control",1,"M",1,76
"626","2","H3","4α","C/C","Control",2,"M",0,76
"627","2","H3","4α","C/C","Control",3,"M",0,76
"628","2","H3","4α","C/C","Control",4,"M",0,76
"629","2","H3","4α","C/C","Control",5,"M",0,76
"630","2","H3","4α","C/C","Control",6,"M",0,76
"631","2","H3","4α","C/C","Control",7,"M",0,76
"632","2","H3","4α","C/C","Control",8,"M",0,76
"633","2","H3","4α","C/C","Control",9,"M",0,76
"634","2","H3","4α","C/C","Control",10,"M",0,76
"635","2","H3","4α","C/C","Control",11,"M",2,76
"636","2","H3","4α","C/C","Control",12,"M",0,76
"637","2","H3","4α","C/C","Control",1,"F",0,58
"638","2","H3","4α","C/C","Control",2,"F",0,58
"639","2","H3","4α","C/C","Control",3,"F",0,58
"640","2","H3","4α","C/C","Control",4,"F",0,58
"641","2","H3","4α","C/C","Control",5,"F",0,58
"642","2","H3","4α","C/C","Control",6,"F",0,58
"643","2","H3","4α","C/C","Control",7,"F",0,58
"644","2","H3","4α","C/C","Control",8,"F",0,58
"645","2","H3","4α","C/C","Control",9,"F",0,58
"646","2","H3","4α","C/C","Control",10,"F",0,58
"647","2","H3","4α","C/C","Control",11,"F",0,58
"648","2","H3","4α","C/C","Control",12,"F",0,58
"649","2","H3","4β","C/C","Control",1,"M",0,68
"650","2","H3","4β","C/C","Control",2,"M",1,68
"651","2","H3","4β","C/C","Control",3,"M",1,68
"652","2","H3","4β","C/C","Control",4,"M",1,68
"653","2","H3","4β","C/C","Control",5,"M",0,68
"654","2","H3","4β","C/C","Control",6,"M",0,68
"655","2","H3","4β","C/C","Control",7,"M",0,68
"656","2","H3","4β","C/C","Control",8,"M",0,68
"657","2","H3","4β","C/C","Control",9,"M",0,68
"658","2","H3","4β","C/C","Control",10,"M",0,68
"659","2","H3","4β","C/C","Control",11,"M",0,68
"660","2","H3","4β","C/C","Control",12,"M",0,68
"661","2","H3","4β","C/C","Control",1,"F",0,64
"662","2","H3","4β","C/C","Control",2,"F",0,64
"663","2","H3","4β","C/C","Control",3,"F",0,64
"664","2","H3","4β","C/C","Control",4,"F",0,64
"665","2","H3","4β","C/C","Control",5,"F",1,64
"666","2","H3","4β","C/C","Control",6,"F",0,64
"667","2","H3","4β","C/C","Control",7,"F",0,64
"668","2","H3","4β","C/C","Control",8,"F",0,64
"669","2","H3","4β","C/C","Control",9,"F",0,64
"670","2","H3","4β","C/C","Control",10,"F",0,64
"671","2","H3","4β","C/C","Control",11,"F",0,64
"672","2","H3","4β","C/C","Control",12,"F",0,64
"673","2","H3","5α","G/G","Control",1,"M",0,66
"674","2","H3","5α","G/G","Control",2,"M",0,66
"675","2","H3","5α","G/G","Control",3,"M",0,66
"676","2","H3","5α","G/G","Control",4,"M",0,66
"677","2","H3","5α","G/G","Control",5,"M",0,66
"678","2","H3","5α","G/G","Control",6,"M",0,66
"679","2","H3","5α","G/G","Control",7,"M",0,66
"680","2","H3","5α","G/G","Control",8,"M",0,66
"681","2","H3","5α","G/G","Control",9,"M",0,66
"682","2","H3","5α","G/G","Control",10,"M",0,66
"683","2","H3","5α","G/G","Control",11,"M",0,66
"684","2","H3","5α","G/G","Control",12,"M",0,66
"685","2","H3","5α","G/G","Control",1,"F",0,72
"686","2","H3","5α","G/G","Control",2,"F",1,72
"687","2","H3","5α","G/G","Control",3,"F",0,72
"688","2","H3","5α","G/G","Control",4,"F",0,72
"689","2","H3","5α","G/G","Control",5,"F",0,72
"690","2","H3","5α","G/G","Control",6,"F",0,72
"691","2","H3","5α","G/G","Control",7,"F",1,72
"692","2","H3","5α","G/G","Control",8,"F",0,72
"693","2","H3","5α","G/G","Control",9,"F",0,72
"694","2","H3","5α","G/G","Control",10,"F",0,72
"695","2","H3","5α","G/G","Control",11,"F",0,72
"696","2","H3","5α","G/G","Control",12,"F",0,72
"697","2","H3","5β","G/G","Control",1,"M",3,66
"698","2","H3","5β","G/G","Control",2,"M",0,66
"699","2","H3","5β","G/G","Control",3,"M",0,66
"700","2","H3","5β","G/G","Control",4,"M",0,66
"701","2","H3","5β","G/G","Control",5,"M",0,66
"702","2","H3","5β","G/G","Control",6,"M",0,66
"703","2","H3","5β","G/G","Control",7,"M",0,66
"704","2","H3","5β","G/G","Control",8,"M",0,66
"705","2","H3","5β","G/G","Control",9,"M",0,66
"706","2","H3","5β","G/G","Control",10,"M",0,66
"707","2","H3","5β","G/G","Control",11,"M",0,66
"708","2","H3","5β","G/G","Control",12,"M",0,66
"709","2","H3","5β","G/G","Control",1,"F",2,62
"710","2","H3","5β","G/G","Control",2,"F",0,62
"711","2","H3","5β","G/G","Control",3,"F",0,62
"712","2","H3","5β","G/G","Control",4,"F",0,62
"713","2","H3","5β","G/G","Control",5,"F",0,62
"714","2","H3","5β","G/G","Control",6,"F",0,62
"715","2","H3","5β","G/G","Control",7,"F",0,62
"716","2","H3","5β","G/G","Control",8,"F",0,62
"717","2","H3","5β","G/G","Control",9,"F",0,62
"718","2","H3","5β","G/G","Control",10,"F",0,62
"719","2","H3","5β","G/G","Control",11,"F",0,62
"720","2","H3","5β","G/G","Control",12,"F",0,62
"721","2","H3","6α","CY/CY","Fungal",1,"M",0,62
"722","2","H3","6α","CY/CY","Fungal",2,"M",1,62
"723","2","H3","6α","CY/CY","Fungal",3,"M",0,62
"724","2","H3","6α","CY/CY","Fungal",4,"M",0,62
"725","2","H3","6α","CY/CY","Fungal",5,"M",1,62
"726","2","H3","6α","CY/CY","Fungal",6,"M",0,62
"727","2","H3","6α","CY/CY","Fungal",7,"M",0,62
"728","2","H3","6α","CY/CY","Fungal",8,"M",0,62
"729","2","H3","6α","CY/CY","Fungal",9,"M",2,62
"730","2","H3","6α","CY/CY","Fungal",10,"M",3,62
"731","2","H3","6α","CY/CY","Fungal",11,"M",3,62
"732","2","H3","6α","CY/CY","Fungal",12,"M",3,62
"733","2","H3","6α","CY/CY","Fungal",1,"F",1,66
"734","2","H3","6α","CY/CY","Fungal",2,"F",0,66
"735","2","H3","6α","CY/CY","Fungal",3,"F",0,66
"736","2","H3","6α","CY/CY","Fungal",4,"F",0,66
"737","2","H3","6α","CY/CY","Fungal",5,"F",2,66
"738","2","H3","6α","CY/CY","Fungal",6,"F",0,66
"739","2","H3","6α","CY/CY","Fungal",7,"F",0,66
"740","2","H3","6α","CY/CY","Fungal",8,"F",2,66
"741","2","H3","6α","CY/CY","Fungal",9,"F",3,66
"742","2","H3","6α","CY/CY","Fungal",10,"F",0,66
"743","2","H3","6α","CY/CY","Fungal",11,"F",2,66
"744","2","H3","6α","CY/CY","Fungal",12,"F",5,66
"745","2","H3","6β","CY/CY","Fungal",1,"M",0,61
"746","2","H3","6β","CY/CY","Fungal",2,"M",0,61
"747","2","H3","6β","CY/CY","Fungal",3,"M",0,61
"748","2","H3","6β","CY/CY","Fungal",4,"M",0,61
"749","2","H3","6β","CY/CY","Fungal",5,"M",0,61
"750","2","H3","6β","CY/CY","Fungal",6,"M",0,61
"751","2","H3","6β","CY/CY","Fungal",7,"M",0,61
"752","2","H3","6β","CY/CY","Fungal",8,"M",0,61
"753","2","H3","6β","CY/CY","Fungal",9,"M",2,61
"754","2","H3","6β","CY/CY","Fungal",10,"M",0,61
"755","2","H3","6β","CY/CY","Fungal",11,"M",1,61
"756","2","H3","6β","CY/CY","Fungal",12,"M",3,61
"757","2","H3","6β","CY/CY","Fungal",1,"F",0,63
"758","2","H3","6β","CY/CY","Fungal",2,"F",0,63
"759","2","H3","6β","CY/CY","Fungal",3,"F",0,63
"760","2","H3","6β","CY/CY","Fungal",4,"F",1,63
"761","2","H3","6β","CY/CY","Fungal",5,"F",0,63
"762","2","H3","6β","CY/CY","Fungal",6,"F",0,63
"763","2","H3","6β","CY/CY","Fungal",7,"F",0,63
"764","2","H3","6β","CY/CY","Fungal",8,"F",1,63
"765","2","H3","6β","CY/CY","Fungal",9,"F",1,63
"766","2","H3","6β","CY/CY","Fungal",10,"F",1,63
"767","2","H3","6β","CY/CY","Fungal",11,"F",3,63
"768","2","H3","6β","CY/CY","Fungal",12,"F",5,63
"769","2","H3","7α","CY/C","Fungal",1,"M",0,67
"770","2","H3","7α","CY/C","Fungal",2,"M",0,67
"771","2","H3","7α","CY/C","Fungal",3,"M",0,67
"772","2","H3","7α","CY/C","Fungal",4,"M",0,67
"773","2","H3","7α","CY/C","Fungal",5,"M",1,67
"774","2","H3","7α","CY/C","Fungal",6,"M",0,67
"775","2","H3","7α","CY/C","Fungal",7,"M",4,67
"776","2","H3","7α","CY/C","Fungal",8,"M",1,67
"777","2","H3","7α","CY/C","Fungal",9,"M",1,67
"778","2","H3","7α","CY/C","Fungal",10,"M",2,67
"779","2","H3","7α","CY/C","Fungal",11,"M",5,67
"780","2","H3","7α","CY/C","Fungal",12,"M",6,67
"781","2","H3","7α","CY/C","Fungal",1,"F",0,65
"782","2","H3","7α","CY/C","Fungal",2,"F",0,65
"783","2","H3","7α","CY/C","Fungal",3,"F",1,65
"784","2","H3","7α","CY/C","Fungal",4,"F",0,65
"785","2","H3","7α","CY/C","Fungal",5,"F",1,65
"786","2","H3","7α","CY/C","Fungal",6,"F",3,65
"787","2","H3","7α","CY/C","Fungal",7,"F",3,65
"788","2","H3","7α","CY/C","Fungal",8,"F",4,65
"789","2","H3","7α","CY/C","Fungal",9,"F",3,65
"790","2","H3","7α","CY/C","Fungal",10,"F",4,65
"791","2","H3","7α","CY/C","Fungal",11,"F",5,65
"792","2","H3","7α","CY/C","Fungal",12,"F",5,65
"793","2","H3","7β","CY/C","Fungal",1,"M",0,61
"794","2","H3","7β","CY/C","Fungal",2,"M",0,61
"795","2","H3","7β","CY/C","Fungal",3,"M",0,61
"796","2","H3","7β","CY/C","Fungal",4,"M",0,61
"797","2","H3","7β","CY/C","Fungal",5,"M",0,61
"798","2","H3","7β","CY/C","Fungal",6,"M",0,61
"799","2","H3","7β","CY/C","Fungal",7,"M",3,61
"800","2","H3","7β","CY/C","Fungal",8,"M",1,61
"801","2","H3","7β","CY/C","Fungal",9,"M",4,61
"802","2","H3","7β","CY/C","Fungal",10,"M",5,61
"803","2","H3","7β","CY/C","Fungal",11,"M",6,61
"804","2","H3","7β","CY/C","Fungal",12,"M",4,61
"805","2","H3","7β","CY/C","Fungal",1,"F",0,68
"806","2","H3","7β","CY/C","Fungal",2,"F",1,68
"807","2","H3","7β","CY/C","Fungal",3,"F",0,68
"808","2","H3","7β","CY/C","Fungal",4,"F",0,68
"809","2","H3","7β","CY/C","Fungal",5,"F",2,68
"810","2","H3","7β","CY/C","Fungal",6,"F",2,68
"811","2","H3","7β","CY/C","Fungal",7,"F",3,68
"812","2","H3","7β","CY/C","Fungal",8,"F",6,68
"813","2","H3","7β","CY/C","Fungal",9,"F",7,68
"814","2","H3","7β","CY/C","Fungal",10,"F",3,68
"815","2","H3","7β","CY/C","Fungal",11,"F",2,68
"816","2","H3","7β","CY/C","Fungal",12,"F",4,68
"817","2","H3","8α","C/CY","Fungal",1,"M",0,65
"818","2","H3","8α","C/CY","Fungal",2,"M",0,65
"819","2","H3","8α","C/CY","Fungal",3,"M",1,65
"820","2","H3","8α","C/CY","Fungal",4,"M",0,65
"821","2","H3","8α","C/CY","Fungal",5,"M",0,65
"822","2","H3","8α","C/CY","Fungal",6,"M",0,65
"823","2","H3","8α","C/CY","Fungal",7,"M",0,65
"824","2","H3","8α","C/CY","Fungal",8,"M",2,65
"825","2","H3","8α","C/CY","Fungal",9,"M",2,65
"826","2","H3","8α","C/CY","Fungal",10,"M",4,65
"827","2","H3","8α","C/CY","Fungal",11,"M",7,65
"828","2","H3","8α","C/CY","Fungal",12,"M",7,65
"829","2","H3","8α","C/CY","Fungal",1,"F",0,71
"830","2","H3","8α","C/CY","Fungal",2,"F",0,71
"831","2","H3","8α","C/CY","Fungal",3,"F",1,71
"832","2","H3","8α","C/CY","Fungal",4,"F",1,71
"833","2","H3","8α","C/CY","Fungal",5,"F",0,71
"834","2","H3","8α","C/CY","Fungal",6,"F",6,71
"835","2","H3","8α","C/CY","Fungal",7,"F",5,71
"836","2","H3","8α","C/CY","Fungal",8,"F",5,71
"837","2","H3","8α","C/CY","Fungal",9,"F",4,71
"838","2","H3","8α","C/CY","Fungal",10,"F",3,71
"839","2","H3","8α","C/CY","Fungal",11,"F",2,71
"840","2","H3","8α","C/CY","Fungal",12,"F",4,71
"841","2","H3","8β","C/CY","Fungal",1,"M",0,67
"842","2","H3","8β","C/CY","Fungal",2,"M",0,67
"843","2","H3","8β","C/CY","Fungal",3,"M",0,67
"844","2","H3","8β","C/CY","Fungal",4,"M",0,67
"845","2","H3","8β","C/CY","Fungal",5,"M",0,67
"846","2","H3","8β","C/CY","Fungal",6,"M",1,67
"847","2","H3","8β","C/CY","Fungal",7,"M",0,67
"848","2","H3","8β","C/CY","Fungal",8,"M",1,67
"849","2","H3","8β","C/CY","Fungal",9,"M",3,67
"850","2","H3","8β","C/CY","Fungal",10,"M",4,67
"851","2","H3","8β","C/CY","Fungal",11,"M",9,67
"852","2","H3","8β","C/CY","Fungal",12,"M",3,67
"853","2","H3","8β","C/CY","Fungal",1,"F",0,62
"854","2","H3","8β","C/CY","Fungal",2,"F",0,62
"855","2","H3","8β","C/CY","Fungal",3,"F",0,62
"856","2","H3","8β","C/CY","Fungal",4,"F",0,62
"857","2","H3","8β","C/CY","Fungal",5,"F",0,62
"858","2","H3","8β","C/CY","Fungal",6,"F",3,62
"859","2","H3","8β","C/CY","Fungal",7,"F",3,62
"860","2","H3","8β","C/CY","Fungal",8,"F",4,62
"861","2","H3","8β","C/CY","Fungal",9,"F",4,62
"862","2","H3","8β","C/CY","Fungal",10,"F",6,62
"863","2","H3","8β","C/CY","Fungal",11,"F",7,62
"864","2","H3","8β","C/CY","Fungal",12,"F",2,62
"865","2","H3","9α","C/C","Fungal",1,"M",0,73
"866","2","H3","9α","C/C","Fungal",2,"M",0,73
"867","2","H3","9α","C/C","Fungal",3,"M",0,73
"868","2","H3","9α","C/C","Fungal",4,"M",0,73
"869","2","H3","9α","C/C","Fungal",5,"M",0,73
"870","2","H3","9α","C/C","Fungal",6,"M",5,73
"871","2","H3","9α","C/C","Fungal",7,"M",2,73
"872","2","H3","9α","C/C","Fungal",8,"M",4,73
"873","2","H3","9α","C/C","Fungal",9,"M",11,73
"874","2","H3","9α","C/C","Fungal",10,"M",9,73
"875","2","H3","9α","C/C","Fungal",11,"M",10,73
"876","2","H3","9α","C/C","Fungal",12,"M",8,73
"877","2","H3","9α","C/C","Fungal",1,"F",0,70
"878","2","H3","9α","C/C","Fungal",2,"F",0,70
"879","2","H3","9α","C/C","Fungal",3,"F",1,70
"880","2","H3","9α","C/C","Fungal",4,"F",0,70
"881","2","H3","9α","C/C","Fungal",5,"F",1,70
"882","2","H3","9α","C/C","Fungal",6,"F",3,70
"883","2","H3","9α","C/C","Fungal",7,"F",8,70
"884","2","H3","9α","C/C","Fungal",8,"F",14,70
"885","2","H3","9α","C/C","Fungal",9,"F",9,70
"886","2","H3","9α","C/C","Fungal",10,"F",6,70
"887","2","H3","9α","C/C","Fungal",11,"F",5,70
"888","2","H3","9α","C/C","Fungal",12,"F",7,70
"889","2","H3","9β","C/C","Fungal",1,"M",1,53
"890","2","H3","9β","C/C","Fungal",2,"M",0,53
"891","2","H3","9β","C/C","Fungal",3,"M",1,53
"892","2","H3","9β","C/C","Fungal",4,"M",0,53
"893","2","H3","9β","C/C","Fungal",5,"M",0,53
"894","2","H3","9β","C/C","Fungal",6,"M",5,53
"895","2","H3","9β","C/C","Fungal",7,"M",0,53
"896","2","H3","9β","C/C","Fungal",8,"M",5,53
"897","2","H3","9β","C/C","Fungal",9,"M",7,53
"898","2","H3","9β","C/C","Fungal",10,"M",8,53
"899","2","H3","9β","C/C","Fungal",11,"M",5,53
"900","2","H3","9β","C/C","Fungal",12,"M",4,53
"901","2","H3","9β","C/C","Fungal",1,"F",0,67
"902","2","H3","9β","C/C","Fungal",2,"F",0,67
"903","2","H3","9β","C/C","Fungal",3,"F",1,67
"904","2","H3","9β","C/C","Fungal",4,"F",0,67
"905","2","H3","9β","C/C","Fungal",5,"F",0,67
"906","2","H3","9β","C/C","Fungal",6,"F",3,67
"907","2","H3","9β","C/C","Fungal",7,"F",14,67
"908","2","H3","9β","C/C","Fungal",8,"F",10,67
"909","2","H3","9β","C/C","Fungal",9,"F",6,67
"910","2","H3","9β","C/C","Fungal",10,"F",9,67
"911","2","H3","9β","C/C","Fungal",11,"F",2,67
"912","2","H3","9β","C/C","Fungal",12,"F",2,67
"913","2","H3","10α","G/G","Fungal",1,"M",0,71
"914","2","H3","10α","G/G","Fungal",2,"M",0,71
"915","2","H3","10α","G/G","Fungal",3,"M",0,71
"916","2","H3","10α","G/G","Fungal",4,"M",1,71
"917","2","H3","10α","G/G","Fungal",5,"M",2,71
"918","2","H3","10α","G/G","Fungal",6,"M",0,71
"919","2","H3","10α","G/G","Fungal",7,"M",0,71
"920","2","H3","10α","G/G","Fungal",8,"M",1,71
"921","2","H3","10α","G/G","Fungal",9,"M",0,71
"922","2","H3","10α","G/G","Fungal",10,"M",3,71
"923","2","H3","10α","G/G","Fungal",11,"M",0,71
"924","2","H3","10α","G/G","Fungal",12,"M",0,71
"925","2","H3","10α","G/G","Fungal",1,"F",1,71
"926","2","H3","10α","G/G","Fungal",2,"F",0,71
"927","2","H3","10α","G/G","Fungal",3,"F",0,71
"928","2","H3","10α","G/G","Fungal",4,"F",0,71
"929","2","H3","10α","G/G","Fungal",5,"F",1,71
"930","2","H3","10α","G/G","Fungal",6,"F",2,71
"931","2","H3","10α","G/G","Fungal",7,"F",3,71
"932","2","H3","10α","G/G","Fungal",8,"F",9,71
"933","2","H3","10α","G/G","Fungal",9,"F",3,71
"934","2","H3","10α","G/G","Fungal",10,"F",10,71
"935","2","H3","10α","G/G","Fungal",11,"F",4,71
"936","2","H3","10α","G/G","Fungal",12,"F",4,71
"937","2","H3","10β","G/G","Fungal",1,"M",0,35
"938","2","H3","10β","G/G","Fungal",2,"M",1,35
"939","2","H3","10β","G/G","Fungal",3,"M",0,35
"940","2","H3","10β","G/G","Fungal",4,"M",0,35
"941","2","H3","10β","G/G","Fungal",5,"M",1,35
"942","2","H3","10β","G/G","Fungal",6,"M",0,35
"943","2","H3","10β","G/G","Fungal",7,"M",0,35
"944","2","H3","10β","G/G","Fungal",8,"M",0,35
"945","2","H3","10β","G/G","Fungal",9,"M",0,35
"946","2","H3","10β","G/G","Fungal",10,"M",0,35
"947","2","H3","10β","G/G","Fungal",11,"M",0,35
"948","2","H3","10β","G/G","Fungal",12,"M",0,35
"949","2","H3","10β","G/G","Fungal",1,"F",0,60
"950","2","H3","10β","G/G","Fungal",2,"F",0,60
"951","2","H3","10β","G/G","Fungal",3,"F",0,60
"952","2","H3","10β","G/G","Fungal",4,"F",0,60
"953","2","H3","10β","G/G","Fungal",5,"F",2,60
"954","2","H3","10β","G/G","Fungal",6,"F",4,60
"955","2","H3","10β","G/G","Fungal",7,"F",7,60
"956","2","H3","10β","G/G","Fungal",8,"F",7,60
"957","2","H3","10β","G/G","Fungal",9,"F",6,60
"958","2","H3","10β","G/G","Fungal",10,"F",4,60
"959","2","H3","10β","G/G","Fungal",11,"F",3,60
"960","2","H3","10β","G/G","Fungal",12,"F",3,60
"961","3","H3","1α","CY/CY","Control",1,"M",1,60
"962","3","H3","1α","CY/CY","Control",2,"M",0,60
"963","3","H3","1α","CY/CY","Control",3,"M",0,60
"964","3","H3","1α","CY/CY","Control",4,"M",0,60
"965","3","H3","1α","CY/CY","Control",5,"M",0,60
"966","3","H3","1α","CY/CY","Control",6,"M",0,60
"967","3","H3","1α","CY/CY","Control",7,"M",0,60
"968","3","H3","1α","CY/CY","Control",8,"M",0,60
"969","3","H3","1α","CY/CY","Control",9,"M",3,60
"970","3","H3","1α","CY/CY","Control",10,"M",0,60
"971","3","H3","1α","CY/CY","Control",11,"M",0,60
"972","3","H3","1α","CY/CY","Control",12,"M",0,60
"973","3","H3","1α","CY/CY","Control",1,"F",0,68
"974","3","H3","1α","CY/CY","Control",2,"F",0,68
"975","3","H3","1α","CY/CY","Control",3,"F",0,68
"976","3","H3","1α","CY/CY","Control",4,"F",0,68
"977","3","H3","1α","CY/CY","Control",5,"F",0,68
"978","3","H3","1α","CY/CY","Control",6,"F",0,68
"979","3","H3","1α","CY/CY","Control",7,"F",0,68
"980","3","H3","1α","CY/CY","Control",8,"F",0,68
"981","3","H3","1α","CY/CY","Control",9,"F",0,68
"982","3","H3","1α","CY/CY","Control",10,"F",0,68
"983","3","H3","1α","CY/CY","Control",11,"F",0,68
"984","3","H3","1α","CY/CY","Control",12,"F",2,68
"985","3","H3","1β","CY/CY","Control",1,"M",0,65
"986","3","H3","1β","CY/CY","Control",2,"M",0,65
"987","3","H3","1β","CY/CY","Control",3,"M",0,65
"988","3","H3","1β","CY/CY","Control",4,"M",0,65
"989","3","H3","1β","CY/CY","Control",5,"M",1,65
"990","3","H3","1β","CY/CY","Control",6,"M",0,65
"991","3","H3","1β","CY/CY","Control",7,"M",1,65
"992","3","H3","1β","CY/CY","Control",8,"M",0,65
"993","3","H3","1β","CY/CY","Control",9,"M",0,65
"994","3","H3","1β","CY/CY","Control",10,"M",0,65
"995","3","H3","1β","CY/CY","Control",11,"M",0,65
"996","3","H3","1β","CY/CY","Control",12,"M",0,65
"997","3","H3","1β","CY/CY","Control",1,"F",0,65
"998","3","H3","1β","CY/CY","Control",2,"F",0,65
"999","3","H3","1β","CY/CY","Control",3,"F",0,65
"1000","3","H3","1β","CY/CY","Control",4,"F",0,65
"1001","3","H3","1β","CY/CY","Control",5,"F",0,65
"1002","3","H3","1β","CY/CY","Control",6,"F",0,65
"1003","3","H3","1β","CY/CY","Control",7,"F",0,65
"1004","3","H3","1β","CY/CY","Control",8,"F",0,65
"1005","3","H3","1β","CY/CY","Control",9,"F",0,65
"1006","3","H3","1β","CY/CY","Control",10,"F",0,65
"1007","3","H3","1β","CY/CY","Control",11,"F",0,65
"1008","3","H3","1β","CY/CY","Control",12,"F",0,65
"1009","3","H3","2α","CY/C","Control",1,"M",3,75
"1010","3","H3","2α","CY/C","Control",2,"M",0,75
"1011","3","H3","2α","CY/C","Control",3,"M",0,75
"1012","3","H3","2α","CY/C","Control",4,"M",0,75
"1013","3","H3","2α","CY/C","Control",5,"M",0,75
"1014","3","H3","2α","CY/C","Control",6,"M",0,75
"1015","3","H3","2α","CY/C","Control",7,"M",0,75
"1016","3","H3","2α","CY/C","Control",8,"M",0,75
"1017","3","H3","2α","CY/C","Control",9,"M",0,75
"1018","3","H3","2α","CY/C","Control",10,"M",0,75
"1019","3","H3","2α","CY/C","Control",11,"M",0,75
"1020","3","H3","2α","CY/C","Control",12,"M",1,75
"1021","3","H3","2α","CY/C","Control",1,"F",3,65
"1022","3","H3","2α","CY/C","Control",2,"F",0,65
"1023","3","H3","2α","CY/C","Control",3,"F",0,65
"1024","3","H3","2α","CY/C","Control",4,"F",1,65
"1025","3","H3","2α","CY/C","Control",5,"F",0,65
"1026","3","H3","2α","CY/C","Control",6,"F",0,65
"1027","3","H3","2α","CY/C","Control",7,"F",0,65
"1028","3","H3","2α","CY/C","Control",8,"F",0,65
"1029","3","H3","2α","CY/C","Control",9,"F",0,65
"1030","3","H3","2α","CY/C","Control",10,"F",0,65
"1031","3","H3","2α","CY/C","Control",11,"F",0,65
"1032","3","H3","2α","CY/C","Control",12,"F",0,65
"1033","3","H3","2β","CY/C","Control",1,"M",0,68
"1034","3","H3","2β","CY/C","Control",2,"M",0,68
"1035","3","H3","2β","CY/C","Control",3,"M",0,68
"1036","3","H3","2β","CY/C","Control",4,"M",0,68
"1037","3","H3","2β","CY/C","Control",5,"M",0,68
"1038","3","H3","2β","CY/C","Control",6,"M",0,68
"1039","3","H3","2β","CY/C","Control",7,"M",0,68
"1040","3","H3","2β","CY/C","Control",8,"M",0,68
"1041","3","H3","2β","CY/C","Control",9,"M",0,68
"1042","3","H3","2β","CY/C","Control",10,"M",0,68
"1043","3","H3","2β","CY/C","Control",11,"M",1,68
"1044","3","H3","2β","CY/C","Control",12,"M",0,68
"1045","3","H3","2β","CY/C","Control",1,"F",1,72
"1046","3","H3","2β","CY/C","Control",2,"F",0,72
"1047","3","H3","2β","CY/C","Control",3,"F",0,72
"1048","3","H3","2β","CY/C","Control",4,"F",1,72
"1049","3","H3","2β","CY/C","Control",5,"F",0,72
"1050","3","H3","2β","CY/C","Control",6,"F",0,72
"1051","3","H3","2β","CY/C","Control",7,"F",0,72
"1052","3","H3","2β","CY/C","Control",8,"F",0,72
"1053","3","H3","2β","CY/C","Control",9,"F",1,72
"1054","3","H3","2β","CY/C","Control",10,"F",0,72
"1055","3","H3","2β","CY/C","Control",11,"F",0,72
"1056","3","H3","2β","CY/C","Control",12,"F",0,72
"1057","3","H3","3α","C/CY","Control",1,"M",1,71
"1058","3","H3","3α","C/CY","Control",2,"M",1,71
"1059","3","H3","3α","C/CY","Control",3,"M",0,71
"1060","3","H3","3α","C/CY","Control",4,"M",0,71
"1061","3","H3","3α","C/CY","Control",5,"M",0,71
"1062","3","H3","3α","C/CY","Control",6,"M",0,71
"1063","3","H3","3α","C/CY","Control",7,"M",0,71
"1064","3","H3","3α","C/CY","Control",8,"M",0,71
"1065","3","H3","3α","C/CY","Control",9,"M",0,71
"1066","3","H3","3α","C/CY","Control",10,"M",0,71
"1067","3","H3","3α","C/CY","Control",11,"M",0,71
"1068","3","H3","3α","C/CY","Control",12,"M",0,71
"1069","3","H3","3α","C/CY","Control",1,"F",1,68
"1070","3","H3","3α","C/CY","Control",2,"F",0,68
"1071","3","H3","3α","C/CY","Control",3,"F",0,68
"1072","3","H3","3α","C/CY","Control",4,"F",0,68
"1073","3","H3","3α","C/CY","Control",5,"F",0,68
"1074","3","H3","3α","C/CY","Control",6,"F",1,68
"1075","3","H3","3α","C/CY","Control",7,"F",0,68
"1076","3","H3","3α","C/CY","Control",8,"F",0,68
"1077","3","H3","3α","C/CY","Control",9,"F",0,68
"1078","3","H3","3α","C/CY","Control",10,"F",0,68
"1079","3","H3","3α","C/CY","Control",11,"F",0,68
"1080","3","H3","3α","C/CY","Control",12,"F",0,68
"1081","3","H3","3β","C/CY","Control",1,"M",0,69
"1082","3","H3","3β","C/CY","Control",2,"M",0,69
"1083","3","H3","3β","C/CY","Control",3,"M",1,69
"1084","3","H3","3β","C/CY","Control",4,"M",0,69
"1085","3","H3","3β","C/CY","Control",5,"M",0,69
"1086","3","H3","3β","C/CY","Control",6,"M",0,69
"1087","3","H3","3β","C/CY","Control",7,"M",0,69
"1088","3","H3","3β","C/CY","Control",8,"M",0,69
"1089","3","H3","3β","C/CY","Control",9,"M",0,69
"1090","3","H3","3β","C/CY","Control",10,"M",0,69
"1091","3","H3","3β","C/CY","Control",11,"M",0,69
"1092","3","H3","3β","C/CY","Control",12,"M",0,69
"1093","3","H3","3β","C/CY","Control",1,"F",0,74
"1094","3","H3","3β","C/CY","Control",2,"F",0,74
"1095","3","H3","3β","C/CY","Control",3,"F",0,74
"1096","3","H3","3β","C/CY","Control",4,"F",0,74
"1097","3","H3","3β","C/CY","Control",5,"F",0,74
"1098","3","H3","3β","C/CY","Control",6,"F",0,74
"1099","3","H3","3β","C/CY","Control",7,"F",0,74
"1100","3","H3","3β","C/CY","Control",8,"F",0,74
"1101","3","H3","3β","C/CY","Control",9,"F",0,74
"1102","3","H3","3β","C/CY","Control",10,"F",0,74
"1103","3","H3","3β","C/CY","Control",11,"F",1,74
"1104","3","H3","3β","C/CY","Control",12,"F",0,74
"1105","3","H3","4α","C/C","Control",1,"M",0,68
"1106","3","H3","4α","C/C","Control",2,"M",0,68
"1107","3","H3","4α","C/C","Control",3,"M",0,68
"1108","3","H3","4α","C/C","Control",4,"M",0,68
"1109","3","H3","4α","C/C","Control",5,"M",1,68
"1110","3","H3","4α","C/C","Control",6,"M",0,68
"1111","3","H3","4α","C/C","Control",7,"M",0,68
"1112","3","H3","4α","C/C","Control",8,"M",0,68
"1113","3","H3","4α","C/C","Control",9,"M",0,68
"1114","3","H3","4α","C/C","Control",10,"M",0,68
"1115","3","H3","4α","C/C","Control",11,"M",0,68
"1116","3","H3","4α","C/C","Control",12,"M",1,68
"1117","3","H3","4α","C/C","Control",1,"F",0,72
"1118","3","H3","4α","C/C","Control",2,"F",0,72
"1119","3","H3","4α","C/C","Control",3,"F",1,72
"1120","3","H3","4α","C/C","Control",4,"F",0,72
"1121","3","H3","4α","C/C","Control",5,"F",0,72
"1122","3","H3","4α","C/C","Control",6,"F",0,72
"1123","3","H3","4α","C/C","Control",7,"F",0,72
"1124","3","H3","4α","C/C","Control",8,"F",0,72
"1125","3","H3","4α","C/C","Control",9,"F",0,72
"1126","3","H3","4α","C/C","Control",10,"F",1,72
"1127","3","H3","4α","C/C","Control",11,"F",0,72
"1128","3","H3","4α","C/C","Control",12,"F",0,72
"1129","3","H3","4β","C/C","Control",1,"M",0,69
"1130","3","H3","4β","C/C","Control",2,"M",0,69
"1131","3","H3","4β","C/C","Control",3,"M",0,69
"1132","3","H3","4β","C/C","Control",4,"M",0,69
"1133","3","H3","4β","C/C","Control",5,"M",0,69
"1134","3","H3","4β","C/C","Control",6,"M",0,69
"1135","3","H3","4β","C/C","Control",7,"M",0,69
"1136","3","H3","4β","C/C","Control",8,"M",0,69
"1137","3","H3","4β","C/C","Control",9,"M",0,69
"1138","3","H3","4β","C/C","Control",10,"M",0,69
"1139","3","H3","4β","C/C","Control",11,"M",0,69
"1140","3","H3","4β","C/C","Control",12,"M",1,69
"1141","3","H3","4β","C/C","Control",1,"F",0,72
"1142","3","H3","4β","C/C","Control",2,"F",1,72
"1143","3","H3","4β","C/C","Control",3,"F",0,72
"1144","3","H3","4β","C/C","Control",4,"F",0,72
"1145","3","H3","4β","C/C","Control",5,"F",0,72
"1146","3","H3","4β","C/C","Control",6,"F",0,72
"1147","3","H3","4β","C/C","Control",7,"F",0,72
"1148","3","H3","4β","C/C","Control",8,"F",0,72
"1149","3","H3","4β","C/C","Control",9,"F",1,72
"1150","3","H3","4β","C/C","Control",10,"F",0,72
"1151","3","H3","4β","C/C","Control",11,"F",0,72
"1152","3","H3","4β","C/C","Control",12,"F",0,72
"1153","3","H3","5α","G/G","Control",1,"M",0,68
"1154","3","H3","5α","G/G","Control",2,"M",0,68
"1155","3","H3","5α","G/G","Control",3,"M",0,68
"1156","3","H3","5α","G/G","Control",4,"M",0,68
"1157","3","H3","5α","G/G","Control",5,"M",0,68
"1158","3","H3","5α","G/G","Control",6,"M",1,68
"1159","3","H3","5α","G/G","Control",7,"M",0,68
"1160","3","H3","5α","G/G","Control",8,"M",0,68
"1161","3","H3","5α","G/G","Control",9,"M",1,68
"1162","3","H3","5α","G/G","Control",10,"M",0,68
"1163","3","H3","5α","G/G","Control",11,"M",0,68
"1164","3","H3","5α","G/G","Control",12,"M",0,68
"1165","3","H3","5α","G/G","Control",1,"F",0,69
"1166","3","H3","5α","G/G","Control",2,"F",0,69
"1167","3","H3","5α","G/G","Control",3,"F",0,69
"1168","3","H3","5α","G/G","Control",4,"F",0,69
"1169","3","H3","5α","G/G","Control",5,"F",0,69
"1170","3","H3","5α","G/G","Control",6,"F",0,69
"1171","3","H3","5α","G/G","Control",7,"F",0,69
"1172","3","H3","5α","G/G","Control",8,"F",2,69
"1173","3","H3","5α","G/G","Control",9,"F",0,69
"1174","3","H3","5α","G/G","Control",10,"F",0,69
"1175","3","H3","5α","G/G","Control",11,"F",0,69
"1176","3","H3","5α","G/G","Control",12,"F",0,69
"1177","3","H3","5β","G/G","Control",1,"M",0,77
"1178","3","H3","5β","G/G","Control",2,"M",0,77
"1179","3","H3","5β","G/G","Control",3,"M",0,77
"1180","3","H3","5β","G/G","Control",4,"M",0,77
"1181","3","H3","5β","G/G","Control",5,"M",1,77
"1182","3","H3","5β","G/G","Control",6,"M",0,77
"1183","3","H3","5β","G/G","Control",7,"M",0,77
"1184","3","H3","5β","G/G","Control",8,"M",0,77
"1185","3","H3","5β","G/G","Control",9,"M",1,77
"1186","3","H3","5β","G/G","Control",10,"M",0,77
"1187","3","H3","5β","G/G","Control",11,"M",0,77
"1188","3","H3","5β","G/G","Control",12,"M",0,77
"1189","3","H3","5β","G/G","Control",1,"F",1,68
"1190","3","H3","5β","G/G","Control",2,"F",0,68
"1191","3","H3","5β","G/G","Control",3,"F",0,68
"1192","3","H3","5β","G/G","Control",4,"F",0,68
"1193","3","H3","5β","G/G","Control",5,"F",0,68
"1194","3","H3","5β","G/G","Control",6,"F",0,68
"1195","3","H3","5β","G/G","Control",7,"F",0,68
"1196","3","H3","5β","G/G","Control",8,"F",0,68
"1197","3","H3","5β","G/G","Control",9,"F",0,68
"1198","3","H3","5β","G/G","Control",10,"F",0,68
"1199","3","H3","5β","G/G","Control",11,"F",0,68
"1200","3","H3","5β","G/G","Control",12,"F",0,68
"1201","3","H3","6α","CY/CY","Fungal",1,"M",0,86
"1202","3","H3","6α","CY/CY","Fungal",2,"M",0,86
"1203","3","H3","6α","CY/CY","Fungal",3,"M",0,86
"1204","3","H3","6α","CY/CY","Fungal",4,"M",0,86
"1205","3","H3","6α","CY/CY","Fungal",5,"M",1,86
"1206","3","H3","6α","CY/CY","Fungal",6,"M",0,86
"1207","3","H3","6α","CY/CY","Fungal",7,"M",4,86
"1208","3","H3","6α","CY/CY","Fungal",8,"M",3,86
"1209","3","H3","6α","CY/CY","Fungal",9,"M",4,86
"1210","3","H3","6α","CY/CY","Fungal",10,"M",3,86
"1211","3","H3","6α","CY/CY","Fungal",11,"M",5,86
"1212","3","H3","6α","CY/CY","Fungal",12,"M",5,86
"1213","3","H3","6α","CY/CY","Fungal",1,"F",0,65
"1214","3","H3","6α","CY/CY","Fungal",2,"F",1,65
"1215","3","H3","6α","CY/CY","Fungal",3,"F",0,65
"1216","3","H3","6α","CY/CY","Fungal",4,"F",0,65
"1217","3","H3","6α","CY/CY","Fungal",5,"F",1,65
"1218","3","H3","6α","CY/CY","Fungal",6,"F",2,65
"1219","3","H3","6α","CY/CY","Fungal",7,"F",1,65
"1220","3","H3","6α","CY/CY","Fungal",8,"F",3,65
"1221","3","H3","6α","CY/CY","Fungal",9,"F",0,65
"1222","3","H3","6α","CY/CY","Fungal",10,"F",8,65
"1223","3","H3","6α","CY/CY","Fungal",11,"F",8,65
"1224","3","H3","6α","CY/CY","Fungal",12,"F",4,65
"1225","3","H3","6β","CY/CY","Fungal",1,"M",0,64
"1226","3","H3","6β","CY/CY","Fungal",2,"M",0,64
"1227","3","H3","6β","CY/CY","Fungal",3,"M",0,64
"1228","3","H3","6β","CY/CY","Fungal",4,"M",0,64
"1229","3","H3","6β","CY/CY","Fungal",5,"M",0,64
"1230","3","H3","6β","CY/CY","Fungal",6,"M",0,64
"1231","3","H3","6β","CY/CY","Fungal",7,"M",1,64
"1232","3","H3","6β","CY/CY","Fungal",8,"M",1,64
"1233","3","H3","6β","CY/CY","Fungal",9,"M",4,64
"1234","3","H3","6β","CY/CY","Fungal",10,"M",3,64
"1235","3","H3","6β","CY/CY","Fungal",11,"M",8,64
"1236","3","H3","6β","CY/CY","Fungal",12,"M",11,64
"1237","3","H3","6β","CY/CY","Fungal",1,"F",1,65
"1238","3","H3","6β","CY/CY","Fungal",2,"F",0,65
"1239","3","H3","6β","CY/CY","Fungal",3,"F",0,65
"1240","3","H3","6β","CY/CY","Fungal",4,"F",0,65
"1241","3","H3","6β","CY/CY","Fungal",5,"F",0,65
"1242","3","H3","6β","CY/CY","Fungal",6,"F",2,65
"1243","3","H3","6β","CY/CY","Fungal",7,"F",1,65
"1244","3","H3","6β","CY/CY","Fungal",8,"F",9,65
"1245","3","H3","6β","CY/CY","Fungal",9,"F",2,65
"1246","3","H3","6β","CY/CY","Fungal",10,"F",5,65
"1247","3","H3","6β","CY/CY","Fungal",11,"F",5,65
"1248","3","H3","6β","CY/CY","Fungal",12,"F",5,65
"1249","3","H3","7α","CY/C","Fungal",1,"M",0,70
"1250","3","H3","7α","CY/C","Fungal",2,"M",1,70
"1251","3","H3","7α","CY/C","Fungal",3,"M",0,70
"1252","3","H3","7α","CY/C","Fungal",4,"M",0,70
"1253","3","H3","7α","CY/C","Fungal",5,"M",1,70
"1254","3","H3","7α","CY/C","Fungal",6,"M",1,70
"1255","3","H3","7α","CY/C","Fungal",7,"M",5,70
"1256","3","H3","7α","CY/C","Fungal",8,"M",6,70
"1257","3","H3","7α","CY/C","Fungal",9,"M",11,70
"1258","3","H3","7α","CY/C","Fungal",10,"M",12,70
"1259","3","H3","7α","CY/C","Fungal",11,"M",4,70
"1260","3","H3","7α","CY/C","Fungal",12,"M",2,70
"1261","3","H3","7α","CY/C","Fungal",1,"F",0,66
"1262","3","H3","7α","CY/C","Fungal",2,"F",0,66
"1263","3","H3","7α","CY/C","Fungal",3,"F",0,66
"1264","3","H3","7α","CY/C","Fungal",4,"F",0,66
"1265","3","H3","7α","CY/C","Fungal",5,"F",2,66
"1266","3","H3","7α","CY/C","Fungal",6,"F",3,66
"1267","3","H3","7α","CY/C","Fungal",7,"F",9,66
"1268","3","H3","7α","CY/C","Fungal",8,"F",4,66
"1269","3","H3","7α","CY/C","Fungal",9,"F",13,66
"1270","3","H3","7α","CY/C","Fungal",10,"F",3,66
"1271","3","H3","7α","CY/C","Fungal",11,"F",2,66
"1272","3","H3","7α","CY/C","Fungal",12,"F",5,66
"1273","3","H3","7β","CY/C","Fungal",1,"M",0,68
"1274","3","H3","7β","CY/C","Fungal",2,"M",0,68
"1275","3","H3","7β","CY/C","Fungal",3,"M",0,68
"1276","3","H3","7β","CY/C","Fungal",4,"M",1,68
"1277","3","H3","7β","CY/C","Fungal",5,"M",1,68
"1278","3","H3","7β","CY/C","Fungal",6,"M",0,68
"1279","3","H3","7β","CY/C","Fungal",7,"M",0,68
"1280","3","H3","7β","CY/C","Fungal",8,"M",0,68
"1281","3","H3","7β","CY/C","Fungal",9,"M",8,68
"1282","3","H3","7β","CY/C","Fungal",10,"M",5,68
"1283","3","H3","7β","CY/C","Fungal",11,"M",9,68
"1284","3","H3","7β","CY/C","Fungal",12,"M",6,68
"1285","3","H3","7β","CY/C","Fungal",1,"F",1,68
"1286","3","H3","7β","CY/C","Fungal",2,"F",0,68
"1287","3","H3","7β","CY/C","Fungal",3,"F",1,68
"1288","3","H3","7β","CY/C","Fungal",4,"F",0,68
"1289","3","H3","7β","CY/C","Fungal",5,"F",1,68
"1290","3","H3","7β","CY/C","Fungal",6,"F",3,68
"1291","3","H3","7β","CY/C","Fungal",7,"F",2,68
"1292","3","H3","7β","CY/C","Fungal",8,"F",5,68
"1293","3","H3","7β","CY/C","Fungal",9,"F",5,68
"1294","3","H3","7β","CY/C","Fungal",10,"F",6,68
"1295","3","H3","7β","CY/C","Fungal",11,"F",8,68
"1296","3","H3","7β","CY/C","Fungal",12,"F",4,68
"1297","3","H3","8α","C/CY","Fungal",1,"M",0,66
"1298","3","H3","8α","C/CY","Fungal",2,"M",0,66
"1299","3","H3","8α","C/CY","Fungal",3,"M",0,66
"1300","3","H3","8α","C/CY","Fungal",4,"M",0,66
"1301","3","H3","8α","C/CY","Fungal",5,"M",0,66
"1302","3","H3","8α","C/CY","Fungal",6,"M",0,66
"1303","3","H3","8α","C/CY","Fungal",7,"M",3,66
"1304","3","H3","8α","C/CY","Fungal",8,"M",2,66
"1305","3","H3","8α","C/CY","Fungal",9,"M",3,66
"1306","3","H3","8α","C/CY","Fungal",10,"M",6,66
"1307","3","H3","8α","C/CY","Fungal",11,"M",4,66
"1308","3","H3","8α","C/CY","Fungal",12,"M",9,66
"1309","3","H3","8α","C/CY","Fungal",1,"F",0,67
"1310","3","H3","8α","C/CY","Fungal",2,"F",0,67
"1311","3","H3","8α","C/CY","Fungal",3,"F",0,67
"1312","3","H3","8α","C/CY","Fungal",4,"F",1,67
"1313","3","H3","8α","C/CY","Fungal",5,"F",0,67
"1314","3","H3","8α","C/CY","Fungal",6,"F",0,67
"1315","3","H3","8α","C/CY","Fungal",7,"F",4,67
"1316","3","H3","8α","C/CY","Fungal",8,"F",5,67
"1317","3","H3","8α","C/CY","Fungal",9,"F",5,67
"1318","3","H3","8α","C/CY","Fungal",10,"F",4,67
"1319","3","H3","8α","C/CY","Fungal",11,"F",0,67
"1320","3","H3","8α","C/CY","Fungal",12,"F",2,67
"1321","3","H3","8β","C/CY","Fungal",1,"M",2,58
"1322","3","H3","8β","C/CY","Fungal",2,"M",0,58
"1323","3","H3","8β","C/CY","Fungal",3,"M",0,58
"1324","3","H3","8β","C/CY","Fungal",4,"M",0,58
"1325","3","H3","8β","C/CY","Fungal",5,"M",0,58
"1326","3","H3","8β","C/CY","Fungal",6,"M",0,58
"1327","3","H3","8β","C/CY","Fungal",7,"M",0,58
"1328","3","H3","8β","C/CY","Fungal",8,"M",2,58
"1329","3","H3","8β","C/CY","Fungal",9,"M",3,58
"1330","3","H3","8β","C/CY","Fungal",10,"M",4,58
"1331","3","H3","8β","C/CY","Fungal",11,"M",9,58
"1332","3","H3","8β","C/CY","Fungal",12,"M",6,58
"1333","3","H3","8β","C/CY","Fungal",1,"F",2,65
"1334","3","H3","8β","C/CY","Fungal",2,"F",0,65
"1335","3","H3","8β","C/CY","Fungal",3,"F",0,65
"1336","3","H3","8β","C/CY","Fungal",4,"F",1,65
"1337","3","H3","8β","C/CY","Fungal",5,"F",0,65
"1338","3","H3","8β","C/CY","Fungal",6,"F",0,65
"1339","3","H3","8β","C/CY","Fungal",7,"F",3,65
"1340","3","H3","8β","C/CY","Fungal",8,"F",4,65
"1341","3","H3","8β","C/CY","Fungal",9,"F",1,65
"1342","3","H3","8β","C/CY","Fungal",10,"F",3,65
"1343","3","H3","8β","C/CY","Fungal",11,"F",4,65
"1344","3","H3","8β","C/CY","Fungal",12,"F",4,65
"1345","3","H3","9α","C/C","Fungal",1,"M",2,72
"1346","3","H3","9α","C/C","Fungal",2,"M",1,72
"1347","3","H3","9α","C/C","Fungal",3,"M",0,72
"1348","3","H3","9α","C/C","Fungal",4,"M",0,72
"1349","3","H3","9α","C/C","Fungal",5,"M",2,72
"1350","3","H3","9α","C/C","Fungal",6,"M",4,72
"1351","3","H3","9α","C/C","Fungal",7,"M",4,72
"1352","3","H3","9α","C/C","Fungal",8,"M",6,72
"1353","3","H3","9α","C/C","Fungal",9,"M",9,72
"1354","3","H3","9α","C/C","Fungal",10,"M",11,72
"1355","3","H3","9α","C/C","Fungal",11,"M",11,72
"1356","3","H3","9α","C/C","Fungal",12,"M",3,72
"1357","3","H3","9α","C/C","Fungal",1,"F",2,67
"1358","3","H3","9α","C/C","Fungal",2,"F",0,67
"1359","3","H3","9α","C/C","Fungal",3,"F",0,67
"1360","3","H3","9α","C/C","Fungal",4,"F",1,67
"1361","3","H3","9α","C/C","Fungal",5,"F",3,67
"1362","3","H3","9α","C/C","Fungal",6,"F",7,67
"1363","3","H3","9α","C/C","Fungal",7,"F",15,67
"1364","3","H3","9α","C/C","Fungal",8,"F",10,67
"1365","3","H3","9α","C/C","Fungal",9,"F",2,67
"1366","3","H3","9α","C/C","Fungal",10,"F",5,67
"1367","3","H3","9α","C/C","Fungal",11,"F",8,67
"1368","3","H3","9α","C/C","Fungal",12,"F",4,67
"1369","3","H3","9β","C/C","Fungal",1,"M",0,75
"1370","3","H3","9β","C/C","Fungal",2,"M",0,75
"1371","3","H3","9β","C/C","Fungal",3,"M",0,75
"1372","3","H3","9β","C/C","Fungal",4,"M",1,75
"1373","3","H3","9β","C/C","Fungal",5,"M",2,75
"1374","3","H3","9β","C/C","Fungal",6,"M",1,75
"1375","3","H3","9β","C/C","Fungal",7,"M",12,75
"1376","3","H3","9β","C/C","Fungal",8,"M",3,75
"1377","3","H3","9β","C/C","Fungal",9,"M",12,75
"1378","3","H3","9β","C/C","Fungal",10,"M",16,75
"1379","3","H3","9β","C/C","Fungal",11,"M",11,75
"1380","3","H3","9β","C/C","Fungal",12,"M",6,75
"1381","3","H3","9β","C/C","Fungal",1,"F",3,65
"1382","3","H3","9β","C/C","Fungal",2,"F",0,65
"1383","3","H3","9β","C/C","Fungal",3,"F",0,65
"1384","3","H3","9β","C/C","Fungal",4,"F",0,65
"1385","3","H3","9β","C/C","Fungal",5,"F",3,65
"1386","3","H3","9β","C/C","Fungal",6,"F",10,65
"1387","3","H3","9β","C/C","Fungal",7,"F",8,65
"1388","3","H3","9β","C/C","Fungal",8,"F",6,65
"1389","3","H3","9β","C/C","Fungal",9,"F",12,65
"1390","3","H3","9β","C/C","Fungal",10,"F",7,65
"1391","3","H3","9β","C/C","Fungal",11,"F",2,65
"1392","3","H3","9β","C/C","Fungal",12,"F",4,65
"1393","3","H3","10α","G/G","Fungal",1,"M",1,68
"1394","3","H3","10α","G/G","Fungal",2,"M",1,68
"1395","3","H3","10α","G/G","Fungal",3,"M",0,68
"1396","3","H3","10α","G/G","Fungal",4,"M",0,68
"1397","3","H3","10α","G/G","Fungal",5,"M",0,68
"1398","3","H3","10α","G/G","Fungal",6,"M",0,68
"1399","3","H3","10α","G/G","Fungal",7,"M",0,68
"1400","3","H3","10α","G/G","Fungal",8,"M",0,68
"1401","3","H3","10α","G/G","Fungal",9,"M",0,68
"1402","3","H3","10α","G/G","Fungal",10,"M",1,68
"1403","3","H3","10α","G/G","Fungal",11,"M",0,68
"1404","3","H3","10α","G/G","Fungal",12,"M",0,68
"1405","3","H3","10α","G/G","Fungal",1,"F",2,68
"1406","3","H3","10α","G/G","Fungal",2,"F",1,68
"1407","3","H3","10α","G/G","Fungal",3,"F",0,68
"1408","3","H3","10α","G/G","Fungal",4,"F",2,68
"1409","3","H3","10α","G/G","Fungal",5,"F",1,68
"1410","3","H3","10α","G/G","Fungal",6,"F",2,68
"1411","3","H3","10α","G/G","Fungal",7,"F",1,68
"1412","3","H3","10α","G/G","Fungal",8,"F",6,68
"1413","3","H3","10α","G/G","Fungal",9,"F",3,68
"1414","3","H3","10α","G/G","Fungal",10,"F",2,68
"1415","3","H3","10α","G/G","Fungal",11,"F",5,68
"1416","3","H3","10α","G/G","Fungal",12,"F",1,68
"1417","3","H3","10β","G/G","Fungal",1,"M",0,68
"1418","3","H3","10β","G/G","Fungal",2,"M",0,68
"1419","3","H3","10β","G/G","Fungal",3,"M",0,68
"1420","3","H3","10β","G/G","Fungal",4,"M",0,68
"1421","3","H3","10β","G/G","Fungal",5,"M",0,68
"1422","3","H3","10β","G/G","Fungal",6,"M",0,68
"1423","3","H3","10β","G/G","Fungal",7,"M",1,68
"1424","3","H3","10β","G/G","Fungal",8,"M",0,68
"1425","3","H3","10β","G/G","Fungal",9,"M",0,68
"1426","3","H3","10β","G/G","Fungal",10,"M",2,68
"1427","3","H3","10β","G/G","Fungal",11,"M",0,68
"1428","3","H3","10β","G/G","Fungal",12,"M",3,68
"1429","3","H3","10β","G/G","Fungal",1,"F",0,70
"1430","3","H3","10β","G/G","Fungal",2,"F",0,70
"1431","3","H3","10β","G/G","Fungal",3,"F",0,70
"1432","3","H3","10β","G/G","Fungal",4,"F",0,70
"1433","3","H3","10β","G/G","Fungal",5,"F",0,70
"1434","3","H3","10β","G/G","Fungal",6,"F",1,70
"1435","3","H3","10β","G/G","Fungal",7,"F",4,70
"1436","3","H3","10β","G/G","Fungal",8,"F",9,70
"1437","3","H3","10β","G/G","Fungal",9,"F",3,70
"1438","3","H3","10β","G/G","Fungal",10,"F",4,70
"1439","3","H3","10β","G/G","Fungal",11,"F",1,70
"1440","3","H3","10β","G/G","Fungal",12,"F",4,70
